-- phpMyAdmin SQL Dump
-- version 4.2.2
-- http://www.phpmyadmin.net
--
-- Host: localhost
-- Generation Time: 2015-06-20 10:59:03
-- 服务器版本： 5.5.37-log
-- PHP Version: 5.3.28

SET SQL_MODE = "NO_AUTO_VALUE_ON_ZERO";
SET time_zone = "+00:00";


/*!40101 SET @OLD_CHARACTER_SET_CLIENT=@@CHARACTER_SET_CLIENT */;
/*!40101 SET @OLD_CHARACTER_SET_RESULTS=@@CHARACTER_SET_RESULTS */;
/*!40101 SET @OLD_COLLATION_CONNECTION=@@COLLATION_CONNECTION */;
/*!40101 SET NAMES utf8 */;

--
-- Database: `dingding`
--

-- --------------------------------------------------------

--
-- 表的结构 `comment`
--

CREATE TABLE IF NOT EXISTS `comment` (
`id` int(11) unsigned NOT NULL,
  `opinion_id` int(11) unsigned NOT NULL DEFAULT '0',
  `owner_id` int(11) unsigned NOT NULL DEFAULT '0',
  `target` varchar(64) DEFAULT '',
  `status` tinyint(3) DEFAULT '0',
  `content` varchar(255) DEFAULT '',
  `create_time` int(11) unsigned NOT NULL DEFAULT '0'
) ENGINE=InnoDB  DEFAULT CHARSET=utf8 AUTO_INCREMENT=116 ;

--
-- 转存表中的数据 `comment`
--

INSERT INTO `comment` (`id`, `opinion_id`, `owner_id`, `target`, `status`, `content`, `create_time`) VALUES
(24, 3, 7, '0', 0, '简介一下丁盯智能门磁的几大特点：\n\n    一、门窗忘关，及时提醒；这点很重要，有的小伙伴肯定跟我整天丢三落四的，门没关上就出门了，这点丁盯办到了。\n\n    二、实时监控，远程报警；家里有贼进入会实时提醒，有了丁盯再也不会出现抓不到贼的情况了。\n\n    三、历史查询记录；这点我觉的有点像女性的福音啊…汗汗的…老婆可以查看我是几点回来的。\n\n    四、操作简单，一键速配；这点我体验到了确实很简单的就匹配上了，易上手。\n\n    五、极致设计，品味体现；这点我觉得是深得用户的喜欢，超薄、款式好看、电话提', 1430825885),
(25, 4, 5, '0', 0, '1', 1430832319),
(28, 4, 3, '0', 0, 'wwewe', 1430836288),
(32, 4, 17, '0', 0, '333', 1430838724),
(33, 4, 17, '牛', 0, '444', 1430838731),
(34, 4, 7, '0', 0, '小洪你变魔术那？', 1430873524),
(35, 3, 6, '0', 1, 'test', 1430880791),
(36, 3, 6, '18600255235', 1, 'test', 1430880801),
(37, 3, 18, '0', 0, '赞一个,哈哈', 1430890338),
(38, 4, 9, '青岛大柒', 0, '变个苍老师给你', 1430920465),
(39, 3, 17, '0', 1, '77', 1430920768),
(40, 4, 17, '0', 0, '88', 1430920788),
(41, 4, 17, '0', 0, 'ww', 1430920795),
(42, 4, 17, '0', 0, '游客也能说话', 1430920804),
(43, 4, 17, '0', 1, '嘻嘻', 1430920815),
(44, 10, 13, '0', 0, '必须支持毒药。哈哈。', 1430969815),
(45, 4, 5, '0', 0, '看一下', 1430977359),
(46, 3, 17, '0', 1, 'sfsafd', 1430988539),
(47, 3, 17, '0', 0, '丁盯门磁最好的部分就是它的低功耗WiFi技术的运用了，之前看到的安防类器材多半需要连接电源进行持续供电又或者是装上电池后没用多久就需要更换电池，而丁盯门磁正好找到了一个切入点，将物联网设备做得如此精致。超长的续航、APP端管理和通知推送既方便了用户也让用户在安防器材上不需要购买一整套的器材来配合门磁的使用。丁盯门磁无疑是很成功的，期待新产品的面世。', 1431047804),
(48, 14, 25, '0', 1, '几个月前为了提高星公馆的防盗安全性，把门锁换成了配备内铣钥匙的超B级锁芯(参考下图)。\n\n小科技带来大便利，强迫症患者有救了！ -丁盯 智能门磁 试用小记\n\n\n\n本想着这下可以高枕无忧了，怎料在几天前突然因为败家媳妇忘了拔钥匙，居然留下了钥匙有可能被复制的巨大隐患。其过程非常蹊跷，下午五六点钟我俩回来媳妇开的门，然后就没再出去过，而第二天早上九点多时俺突然发现门开着有道缝，钥匙就插在外面的锁孔里。媳妇说她早上七点出门时特意看了绝对没有插着钥匙，所以钥匙应该被人拔了又还回来过，但内铣钥匙并不是街头小店随便就', 1431056405),
(49, 17, 26, '0', 1, '介绍下功能：\n1.可以设置白天免打扰模式。手机在附近的时候不会提示。\n2.电话提醒非常贴心，而且免费，非常的棒。有次数限制。\n3.开关门有记录，方便查看。\n4.外形很帅气，很素，很漂亮，我喜欢。\n\n个人建议：\n1.充电的时候没有提示，有一次显示门未关闭。\n2.账号不能更换手机号码，现在换手机套餐非常频繁，重新绑定很麻烦。搞那么多账号也不好。\n3.电量低的时候建议有灯光提示。\n4.开关门记录这里的UI再设计Q点，好看点。', 1431074500),
(50, 21, 28, '0', 0, '丁盯门磁的出现重新定义了智能门磁，个人感觉产品功能很好。但是宣传力度不够，如果身边的人有更多的人知道还有这么一款功能强大的智能门磁还是会有很多人买的。\n    丁盯如果说只做好安防这一个方面，那么一个门磁是肯定不够的，希望丁盯能做出更多，用户体验超棒的产品。', 1431148555),
(51, 6, 12, '0', 1, '#主贴竟然有字数限制，太BUG了，接上文↑#\n然后历史记录一定是最常用的功能了，记录非常迅速，查询一下何时出门/回家，可以帮助我回忆一下今天的行程。\n【两个优点 两点不足】\n貌似最近许多厂家智能产品的Wifi芯片都在用MXCHIP的，至少我家里已经有3家不同公司的产品采用的MXCHIP。\n一个优点是Wifi连接稳定，至今用了将一个多月的时间，没有出现过一次连接中断，这点非常让人满意。\n第二个优点是省电，使用了一个多月时间了才消耗了18%的电量，这个节奏是充一次电能用半年的节奏啊。\n\n说到不足是我有次晚上回', 1431167944),
(52, 6, 12, '0', 1, 'test', 1431168019),
(53, 6, 12, '0', 1, '【丁盯——开启智能新生活】\n不得不说是很棒的产品，第一代产品就非常完善了，使用中没有遇到BUG，从外观到软件都校调的不错。\n既然丁盯的口号是开启智能新生活，那么后续一定会继续推出更多家居智能安防产品，既然第一步做了门磁，那么把大门的安防更进一步的产品就是智能门锁了。\n智能门锁是比门磁要难得多的产品，门磁只是监控即便出现问题也不会严重威胁安全，但是门锁就不一样了，这直接关系到门户的安全。\n传统门锁只和钥匙有联系，所以我们要做的就是提高钥匙和锁芯的复杂程度，延长非正常开锁的时间；\n但是智能门锁会更加复杂，除了', 1431168160),
(54, 6, 12, '0', 0, '但是智能门锁会更加复杂，除了和钥匙相连至少还会和路由器及手机相连，话说不怕神一样的对手就怕猪一样的队友，如果路由器被攻破，手机被植入病毒是否还能保证门锁的安全也是不得不被考虑的问题。\n另外智能门锁需要连接到云端，云端是否安全？门锁到云之间的链路是否安全？这些都是比较麻烦的事情，或许可以先从官网的HTTPS开始做起……', 1431168194),
(55, 6, 12, '0', 0, '【丁盯——开启智能新生活】\n不得不说是很棒的产品，第一代产品就非常完善了，使用中没有遇到BUG，从外观到软件都校调的不错。\n既然丁盯的口号是开启智能新生活，那么后续一定会继续推出更多家居智能安防产品，既然第一步做了门磁，那么把大门的安防更进一步的产品就是智能门锁了。\n智能门锁是比门磁要难得多的产品，门磁只是监控即便出现问题也不会严重威胁安全，但是门锁就不一样了，这直接关系到门户的安全。\n传统门锁只和钥匙有联系，所以我们要做的就是提高钥匙和锁芯的复杂程度，延长非正常开锁的时间；', 1431168211),
(56, 6, 12, '0', 1, '【两个优点 两点不足】\n貌似最近许多厂家智能产品的Wifi芯片都在用MXCHIP的，至少我家里已经有3家不同公司的产品采用的MXCHIP。\n一个优点是Wifi连接稳定，至今用了将一个多月的时间，没有出现过一次连接中断，这点非常让人满意。\n第二个优点是省电，使用了一个多月时间了才消耗了18%的电量，这个节奏是充一次电能用半年的节奏啊。\n\n说到不足是我有次晚上回家发现的，当时家里很黑，当我关上家门的时候丁盯的指示灯发出了很明亮的蓝光，如果这个指示灯能在APP中关掉就好了，我希望安防产品就需要低调，按暗中保护一', 1431168233),
(57, 6, 12, '0', 0, '说到不足是我有次晚上回家发现的，当时家里很黑，当我关上家门的时候丁盯的指示灯发出了很明亮的蓝光，如果这个指示灯能在APP中关掉就好了，我希望安防产品就需要低调，按暗中保护一切，尽量不要引起注意。\n其次是仅支持两个时段的提醒这点太少了，而且还不支持周末和工作日不同的设定，这点要做到应该不难。', 1431168260),
(58, 6, 12, '0', 0, '【两个优点 两点不足】\n貌似最近许多厂家智能产品的Wifi芯片都在用MXCHIP的，至少我家里已经有3家不同公司的产品采用的MXCHIP。\n一个优点是Wifi连接稳定，至今用了将一个多月的时间，没有出现过一次连接中断，这点非常让人满意。\n第二个优点是省电，使用了一个多月时间了才消耗了18%的电量，这个节奏是充一次电能用半年的节奏啊。', 1431168279),
(59, 6, 12, '0', 0, '#主贴竟然有字数限制，太BUG了，接上文↑#    然后历史记录一定是最常用的功能了，记录非常迅速，查询一下何时出门/回家，可以帮助我回忆一下今天的行程。', 1431168302),
(61, 26, 18, '0', 1, '第一次看到丁盯的时候感觉它就是我需要的，因为我有一点强迫症，每次出门都反复确定门有没有锁好，拉几次看看能不能拉开。后来爷爷奶奶过来住了一段时间更是让我觉得这样一个门磁的必要性，因为他们依旧像在老家那样的习惯，出门丢个垃圾或者买个东西很习惯的就出门了，基本上想不起来去关门，甚至有时候出去很久门都是开着的，虽然没有丢过东西但是这样一个情况还是让我有点担心的。所以看到丁盯在点名时间上的众筹就果断的买了两个，一个安装在大门，一个安装在阳台（现在移到卧室门了）。参加丁盯的微信活动又很幸运的中了一个门磁和礼包。\n  ', 1431181952),
(62, 26, 18, '0', 0, '5、就像群友提的，如果存在断网或者说有些没有网络的场合，是否可以开发内置流量卡版本，适应更多的使用场景。比如我老家的房子就没有网络，平时很少回去，就担心有小偷会去偷东西，如果有这样一个可以随时随地保护家门的门磁，那就不用担心了。\n6、提醒方式可以增加微信公众号的推送，感觉这样比APP推送更加直接，现在微信的使用频度还是比较高的。\n7、二代门磁或者以后的版本是否可以考虑主机门磁+分体式小门磁模式，主机安装在门上后可以绑定多个小门磁联动作为窗户、卧室、抽屉等处的使用，可以采用纽扣电池或者类似蓝牙耳机的小锂电池', 1431182349),
(63, 26, 18, '0', 0, '作为供电，这样可以让门磁的使用更加广泛，虽然现在的门磁价格不算太高，但是要是多位置使用还是一笔不小的费用，所以如果能通过主机+分体机的模式，降低门磁价格，只需要购买一个门磁主机，需要多少个分体机就可以随意增加。（比如我们这样的小县城，让大众去花200块买一个门磁，有点不太愿意接受，如果200块能买一个门磁主机，扩展的小门磁价格只需要几十块还是很有市场空间的。）\n另外，对丁盯的智能门锁很是期待，希望能曝光出更多的细节，让我们粉丝们大饱眼福。', 1431182373),
(64, 29, 17, '0', 0, '门盯很久以前就用呢，总觉得外观设计的不漂亮！不过，连接网络还是很稳定的！但是，软件功能不够丰富，也许是丁盯家族产品还是不够丰富的原因！', 1431228373),
(65, 10, 17, '毒药', 0, '111', 1431345851),
(66, 10, 17, '0', 0, 'eeeeeeeeeeeeeeee', 1431345890),
(67, 13, 17, '0', 0, '说的不错吗', 1431391694),
(68, 13, 17, '0', 0, '大神就是大神！分享的很全面！', 1431391721),
(69, 13, 7, '游客', 0, '别太夸我 哈哈···', 1431391776),
(70, 13, 7, '游客', 0, '谢谢....', 1431391793),
(71, 9, 5, '0', 1, '1', 1431477848),
(72, 3, 17, '0', 1, 'test', 1431514066),
(73, 3, 17, '游客', 1, 'test', 1431514094),
(74, 3, 6, '0', 1, 'test', 1431514380),
(75, 3, 6, 'DuDu', 1, 'test', 1431514395),
(76, 10, 6, '0', 1, 'test', 1431516347),
(77, 31, 35, '0', 0, '丁盯的包装及外形的设计还是很棒的，做到了注重每一个细节，给人的感觉是不管是哪个部分都是经过设计大师的精心打造的。按键做到了最简，使得整个面板觉得简洁。进行实际的APP操作也很容易，只要跟着提示做就行了，不必因为要用而学习更多的东西。可以适用到更广阔的人群。对于家居安全，丁盯智能门磁是一款不错的选择。特别是电话提醒这项服务，可以让我们随时掌控门的开关动作。丁盯是我们最忠诚的家居卫士。\n\n  望完善:\n\n1、要把完美进行到底，将主机背面打磨，即使看不到的地方一样的用心。这样显示出来追求完美的最高境界。\n\n2、', 1431572788),
(78, 15, 17, '0', 0, '柔柔弱弱', 1432604046),
(79, 9, 5, '0', 0, '2', 1432649561),
(80, 3, 5, '0', 1, '1', 1432650898),
(81, 3, 5, '0', 1, '2', 1432736290),
(82, 4, 17, 'tt1', 1, '122', 1432739579),
(83, 4, 17, '0', 0, '11', 1432743017),
(84, 4, 3, '游客', 0, '222', 1432743724),
(85, 15, 3, '游客', 1, '2222', 1432743783),
(86, 3, 5, '游客', 1, '15', 1432764890),
(87, 14, 17, '0', 0, '1', 1432774152),
(88, 9, 17, '0', 0, '<p>游客11111111111111111111111111</p>', 1432776712),
(89, 3, 17, '0', 1, 'test', 1432827600),
(90, 3, 17, '游客', 1, 'test', 1432827610),
(91, 3, 6, '开发测试', 1, 'test', 1432828006),
(92, 29, 17, '0', 0, '连接网络还是很稳定的', 1432960088),
(93, 29, 38, '0', 1, 'you can you bibi', 1432974005),
(94, 3, 38, 'DuDu', 0, 'test reply', 1432975342),
(95, 32, 38, '0', 0, '什么', 1432977624),
(96, 9, 5, '0', 1, '<p>2015.6.2晚上测试</p>', 1433207005),
(97, 6, 5, 'WiiLiaus林', 0, '挺好~~', 1433207613),
(98, 3, 17, '0', 1, 'test', 1433208755),
(99, 3, 6, '游客', 1, '赞', 1433209506),
(100, 3, 6, '0', 1, 'sljksl', 1433209514),
(101, 10, 6, '0', 1, 'test', 1433211488),
(102, 3, 5, '18210047323', 1, 'again', 1433212361),
(105, 3, 6, 'du', 1, '<p>评论修改</p>', 1433213675),
(106, 3, 17, '0', 0, '拉卡拉', 1433300729),
(108, 9, 17, '游客', 0, 'aaddagj', 1433581381),
(109, 9, 17, '游客', 0, 'sdhhgoaaoagh', 1433581402),
(112, 30, 5, '18701436700', 0, 'hello', 1433671140),
(113, 30, 5, '0', 0, 'nice', 1433671149);

-- --------------------------------------------------------

--
-- 表的结构 `jobs`
--

CREATE TABLE IF NOT EXISTS `jobs` (
`id` int(11) NOT NULL,
  `ctime` int(11) NOT NULL,
  `rank` int(11) DEFAULT '0',
  `position` varchar(255) DEFAULT NULL,
  `type` int(11) DEFAULT NULL,
  `salary` varchar(255) DEFAULT NULL,
  `age` varchar(255) DEFAULT NULL,
  `education` varchar(255) DEFAULT NULL,
  `description` text
) ENGINE=InnoDB  DEFAULT CHARSET=utf8 AUTO_INCREMENT=12 ;

--
-- 转存表中的数据 `jobs`
--

INSERT INTO `jobs` (`id`, `ctime`, `rank`, `position`, `type`, `salary`, `age`, `education`, `description`) VALUES
(2, 1434510355, 0, '新媒体运营主管', 0, '10k-20k', '经验3-5年', '本科及以上', '<p>职位描述：</p><p><br/></p><p>岗位职责： </p><p><br/></p><p>1.为公司企业官方微博及微信建立及制定运营计划，作为品牌传播基地</p><p>2.根据产品品牌特点，策划传播选题，制定营销计划</p><p>3.开拓新用户，维护老用户，积累扩大忠实用户群</p><p>4.根据市场推广需求，策划及执行线上活动</p><p><br/></p><p>职位要求： </p><p><br/></p><p>1.本科以上学历，新闻、传播、广告、中文类等专业优先</p><p>2.两年或以上新媒体运营经验</p><p>3.文字功底强，有较强的审美感知，能独立撰写各类型市场推广文案及配图</p><p>4.思维活跃有创意，对时下流行文化敏感，具备独立策划活动的能力</p><p>5.会Photoshop、摄影、视频制作者优先<br/></p><p><br/></p>'),
(3, 1434510577, 0, '产品运营', 0, '10k-20k', '经验1-3年', '本科及以上', '<p>职位描述：</p><p><br/></p><p>岗位职责： </p><p><br/></p><p>希望你懂营销，可包装产品并将核心价值与运营团队沟通落地。</p><p><br/></p><p>职位要求： </p><p><br/></p><p>1.有过互联网产品运营相关经验</p><p>2.参与过互联网产品的整合营销</p><p>3.性格外向开朗（闷骚内涵型除外）<br/></p><p><br/></p>'),
(4, 1434418017, 0, '产品经理', 0, '10k-20k', '经验1-3年', '本科及以上', '<p>职位描述：</p><p><br/></p><p>岗位职责：</p><p> </p><p>希望您是个有梦想的人，可以为喜欢做的事情义无反顾的拼搏。这里没有等级制度，大家为同一个梦想而奋斗，彼此相互帮忙扶持，共同打造智能家居领域精品团队及产品。</p><p><br/></p><p>职位要求：</p><p><br/></p><p>1.有互联网产品设计相关经验</p><p>2.有较高的洞察力及市场敏锐度</p><p>3.可独立完成相关需求的交互</p><p><br/></p>'),
(5, 1434418116, 0, '设计总监', 0, '12k-24k', '经验5-10年', '本科及以上', '<p>职位描述：</p><p><br/></p><p>岗位职责：</p><p> </p><p>1.主导产品设计思路及风格，控制相关创意工作的出品质量</p><p>2.带领设计团队完成相关设计工作，包括ID、视觉及交互设计</p><p>3.与团队一起参与产品概念界定、讨论产品原型、规划产品方向</p><p>4.培养设计团队，建立良好的设计流程</p><p><br/></p><p>职位要求：</p><p><br/></p><p>1.工业设计专业毕业，五年以上工作经验，具备系统设计分析能力</p><p>2.有知名公司背景及知名产品的设计经验，有较好的对外沟通和表达能力</p><p>3.熟悉主流设计理论和当前国内外设计趋势，能较敏锐的洞察吸收新的流行元素</p><p>4.精通手绘表达和计算机辅助设计，能完成一定程度的结构设计</p><p>5.有创造力和想象力，乐于突破现有的模式进行设计</p><p><br/></p><p>具备以下条件者优先考虑：</p><p><br/></p><p>1.对智能家居设备和软硬结合的交互体验感兴趣，有独特的见解</p><p>2.有互联网产品经验，如APP、网站的视觉及交互设计经验者优先</p><p>3.曾获得国内外大型设计奖项</p><p><br/></p>'),
(6, 1434418180, 0, '人力资源总监 HRD/HRM', 0, '10k-20k', '经验5-10年', '本科及以上', '<p>职位描述：</p><p><br/></p><p>岗位职责：</p><p> </p><p>1.全面负责人力资源管理工作</p><p>2.建立和规范人力资源管理体系；根据公司发展战略，全面统筹规划人力资源开发及战略管理，制定适应公司发展的人力资源战略规划及管理制度并监督实施</p><p>3.建立人员招聘体系，根据公司人力资源需求，落实招聘效果保证各岗位人员及时到位</p><p>4.建立公司薪酬福利体系，及人力成本控制和预算工作</p><p>5.建立公司绩效考核体系，规范绩效管理各项流程的执行</p><p>6.及时处理公司管理过程中的重大人力资源问题</p><p>7.完成CEO交办的相关工作任务</p><p><br/></p><p>职位要求：</p><p><br/></p><p>1.211或985院校毕业，人力资源、管理或相关专业本科以上学历</p><p>2.五年以上相关工作经验，三年以上管理工作经验</p><p>3.对现代企业人力资源管理模式有系统的了解和实践经验积累，熟悉人力资源管理各个职能模块，并能指导各个职能模块的工作</p><p>4.熟悉国家、地区及企业关于合同管理、薪金制度、用人机制、保险福利待遇、培训等方面的法律法规及政策</p><p>5.具有较强的计划性及执行力；良好的人际交往能力、组织协调能力及团队领导力</p><p><br/></p>'),
(7, 1434418239, 0, '高级产品经理/总监', 0, '10k-20k', '经验3-5年', '本科及以上', '<p>职位描述：</p><p><br/></p><p>岗位职责： </p><p><br/></p><p>1.软硬结合创新产品的硬件软件、网页和移动APP产品功能设计、改进</p><p>2.负责收集产品需求、用户反馈跟进，持续对产品进行改进、创新</p><p>3.带领团队一起进行产品的迭代开发和优化</p><p><br/></p><p>职位要求：</p><p><br/></p><p>1.有极客精神，玩过各式各样的智能硬件，有自己的见解</p><p>2.有智能硬件产品经验的优先</p><p>3.有交互设计经验者优先</p><p>4.有知名互联网公司经验者优先</p><p>5.乐于创新，有团队协作精神，对智能家居产品充满热情</p><p>6.请在简历中附上你的作品链接或相关文章等，谢谢！</p><p><br/></p>'),
(8, 1434510679, 0, '服务端架构师', 0, '15k-30k', '经验3-5年', '硕士及以上', '<p>职位描述：</p><p><br/></p><p>岗位职责： </p><p><br/></p><p>1.负责丁盯智能后台架构、业务逻辑和数据存储的设计与开发</p><p>2.负责与设备端及手机端APP对接，保证整个系统的安全、稳定、高性能</p><p>3.负责相关专利撰写和申请</p><p><br/></p><p>职位要求：</p><p><br/></p><p>1.本科/硕士学历，计算机相关专业，3年以上Linux/Unix下开发工作经验</p><p>2.2年以上以PHP/Python/Node.js为主的互联网产品后端的开发工作经验</p><p>3.熟悉TCP/IP、HTTP协议，熟悉MySQL数据库，拥有优秀的数据库设计和优化能力</p><p>4.对Linux系统有深入了解，有能力处理系统性能优化，瓶颈诊断，有较强的问题调试及分析能力</p><p>5.熟悉网络编程、多线程编程，熟悉高并发服务的架构设计</p><p>6.对中国网络基础运营现状有深刻理解，对缓存，架构优化有丰富经验</p><p>7.具有敏锐的洞察力和创造力，较强的数据分析能力和平台搭建能力</p><p><br/></p><p>具备以下条件者优先考虑：</p><p><br/></p><p>1.熟悉网络安全相关知识和相关工作经验</p><p>2.热衷智能家居设备和软硬结合的产品，有极客精神</p><p>3.在国内大型互联网公司担任过产品后端技术负责人<br/></p><p><br/></p>'),
(9, 1434512950, 0, '资深前端开发工程师', 0, '12k-24k', '经验3-5年', '本科及以上', '<p>职位描述：</p><p><br/></p><p>岗位职责：</p><p> </p><p>1.丁盯智能的Web前端的开发，包括PC和移动端；</p><p>2.参与开发各种移动端轻应用</p><p>3.与后端密切配合，并能承担一部分后端开发的工作</p><p><br/></p><p>职位要求：</p><p><br/></p><p>1.本科学历以上，开发过成熟线上Web网站</p><p>2.熟悉HTML5/CSS/JavaScript等前端技术，能够独当一面</p><p>3.重视用户体验，理解交互、理解产品、理解用户，不是只编程的“码农”</p><p>4.了解或熟悉任何一种后台语言，对Node.js/PHP感兴趣，愿意做一个全栈工程师</p><p>5.人聪明，学习能力强，聪明人在一起工作很舒服的<br/></p><p><br/></p>'),
(10, 1434512370, 0, '出纳', 0, '4k-6k', '经验1-3年', '大专及以上', '<p>职位描述</p><p><br/></p><p>岗位职责：</p><p>1.负责登记现金日记账、银行存款日记账的工作，做到日清月结。</p><p>2.负责保管现金、支票及银行印鉴卡等有关资料。</p><p>3.负责管理银行账户，办理银行结算业务，月终及时对账，并根据需要编制银行存款余额调节表。</p><p>4.负责统一管理管理处的发票和收据，做好各下属部门领用和核销工作。</p><p>5.严格审核报销单据、发票等原始凭证，按照费用报销的有关规定，办理现金收支付业务，做到合法准确、手续完备、单证齐全。</p><p><br/></p><p>任职要求：</p><p>1.一年以上相关工作经验</p><p>2.大专以上学历，会计相关专业，有会计从业资格证者优先 </p><p>3.为人正直、积极向上，符合公司价值观</p><p>4.工作仔细、认真，思维敏捷，沟通表达能力较好</p><p>5.有互联网或电商工作经验的优先考虑</p><p><br/></p>'),
(11, 1434512722, 0, 'Android高级研发工程师', 0, '13k-25k', '经验1-3年', '本科及以上', '<p>职位描述<br/></p><p><br/></p><p>岗位职责：</p><p>1.负责丁盯智能Android APP的设计，开发，文档编写工作 </p><p>2.负责丁盯Android开放SDK的设计，开发，文档编写工作 </p><p>3.学习和研究新技术以满足产品的需求</p><p><br/></p><p>职位要求：</p><p>1.计算机及相关专业本科及以上学历  </p><p>2.熟悉Android开发工具和相关开发测试工具的使用  </p><p>3.精通Android开发平台和框架原理，有2年以上Android开发经验  </p><p>4.有iOS经验优先  </p><p>5.具备良好的分析、解决问题能力，学习能力强，有创造性思维能力  </p><p>6.具有良好的工作态度、沟通技巧及团队协助精神</p><p><br/></p>');

-- --------------------------------------------------------

--
-- 表的结构 `news`
--

CREATE TABLE IF NOT EXISTS `news` (
`id` int(11) NOT NULL,
  `title` varchar(255) DEFAULT NULL,
  `abstract` varchar(255) DEFAULT NULL,
  `thumb` varchar(255) DEFAULT NULL,
  `source` varchar(255) DEFAULT NULL,
  `ctime` int(11) DEFAULT NULL,
  `links` varchar(255) DEFAULT NULL,
  `rank` int(11) DEFAULT '0'
) ENGINE=InnoDB DEFAULT CHARSET=utf8 AUTO_INCREMENT=1 ;

-- --------------------------------------------------------

--
-- 表的结构 `opinion`
--

CREATE TABLE IF NOT EXISTS `opinion` (
`id` int(11) unsigned NOT NULL,
  `user_id` int(11) unsigned NOT NULL DEFAULT '0',
  `device` varchar(64) DEFAULT '',
  `status` tinyint(3) unsigned DEFAULT '0',
  `pictures` varchar(255) DEFAULT '',
  `score` int(11) unsigned DEFAULT '0',
  `stars` varchar(10) DEFAULT '',
  `view` text,
  `create_time` int(11) NOT NULL DEFAULT '0',
  `update_time` timestamp NULL DEFAULT '0000-00-00 00:00:00' ON UPDATE CURRENT_TIMESTAMP
) ENGINE=InnoDB  DEFAULT CHARSET=utf8 AUTO_INCREMENT=34 ;

--
-- 转存表中的数据 `opinion`
--

INSERT INTO `opinion` (`id`, `user_id`, `device`, `status`, `pictures`, `score`, `stars`, `view`, `create_time`, `update_time`) VALUES
(3, 6, '', 0, '/uploads/product/评测截图1_副本.png,/uploads/product/评测截图2_副本.png,/uploads/product/评测截图3_副本.png,/uploads/product/20140828224750_cuECw.jpeg', 10, '5,5,5,5', '                      作为一个单身北漂在互联网圈自己租房的妹纸来说，没有什么比居住安全更重要的了。 每一个朝九晚九的工作结束后，回到家，发现家里门是开着的，是怎样的一种后怕 !∑(っ °Д °;)っ 每一个咬着面包冲向地铁站的上班路上，脑海中突然出现“我的门关了没？”，这时该不该回去看，又是怎样的一种纠结！/(ㄒoㄒ)/<br />\n<br />\n<br />\n 但是，自从有了丁盯门磁，就再也不会出现上面的痛苦啦！o(*≧▽≦)ツ <br />\n<br />\n<br />\n 门有没有关好，拿出手机一看就知道！ 尤其在过年或出差这种好多天不回家的情况下，真是好用到哭。 小偷啊，从丁盯进入我家门的那一天起，咱俩就彻底byebye啦~ 而且门磁的包装和机体好漂亮，很有设计感，租房里丑丑的黄色木门配上白色的丁盯，看着都比原来顺眼了。安装也超简单，木有男票也能分分钟搞定呢~ <br />\n<br />\n<br />\n 最后，要讲一个悲伤的故事，那就是老妈的手机上也安装了丁盯app，每到周末就监督我有木有一整天宅在家........丁盯也是妈妈们的贴心小助手呢/(ㄒoㄒ)/    jkkkkl                       ', 0, '2015-06-11 03:07:43'),
(4, 9, '', 0, '/uploads/product/2.jpg,/uploads/product/未标题-1.jpg,/uploads/product/3.jpg,/uploads/product/76.jpg,/uploads/product/88.jpg', 10, '5,5,5,5', '<p>\n <span><span>丁盯视频:</span><a href="http://v.youku.com/v_show/id_XODczODg0ODQ0.html" target="_blank">http://v.youku.com/v_show/id_XODczODg0ODQ0.html</a><span> 体验分享</span><br />\n</span> \n</p>\n<p>\n <span>云丁网络技术（北京）有限公司研发的丁盯智能门磁，是一款简约、</span> \n</p>\n<p>\n <span>贴心的家居安防产品，不仅能够做到实时监测家中门窗的开关状态，</span> \n</p>\n<p>\n <span>忘关时给予必要提醒提醒，还能在异常开启时通过电话、手机提醒等方式通知用户。</span> \n</p>\n<p>\n <span><img src="/static/script/keditor/attached/image/20150506/20150506214231_46166.jpg" alt="" /></span> \n</p>\n<p>\n <br />\n</p>\n<p>\n <img src="/static/script/keditor/attached/image/20150506/20150506214401_22682.jpg" alt="" /> \n</p>\n<p>\n <span><img src="/static/script/keditor/attached/image/20150506/20150506214630_56340.jpg" alt="" /><br />\n</span> \n</p>\n<p>\n <span><img src="/static/script/keditor/attached/image/20150506/20150506214645_35295.jpg" alt="" /><br />\n</span> \n</p>\n<p>\n <span><img src="/static/script/keditor/attached/image/20150506/20150506215048_10484.jpg" alt="" /><br />\n</span>\n</p>\n<p>\n <span><img src="/static/script/keditor/attached/image/20150506/20150506215058_75101.jpg" alt="" /><br />\n</span>\n</p>\n<p>\n  <span><span >丁盯智能门磁.</span><br />\n <span >是比起以前的门磁更加改变了传统的布局；</span><br />\n <span >简单来说就是款自动感应门的开与关。或者这样说吧，可以用在窗户上，门上，或者抽屉==</span><br />\n <span >门磁检测到门打开------感应器开启-----通过WIF向手机的APP端发送报警的提升；</span><br />\n <span >还可以调整为电话提醒；</span><br />\n <span >可以说是不用插入Sim卡，只要家里有无线，链接之后就可以开始使用了；</span><br />\n <span >减少了布线，已经传统的个个麻烦，丁盯做到了！</span><br />\n <span >支持IOS版本，支持安卓版本；</span><br />\n</span>\n</p>\n<p>\n <span><br />\n</span>\n</p>\n<p>\n <span><br />\n</span>\n</p>\n<p>\n  <span><span >丁盯，人气组合+小度I耳目；</span><br />\n <span >更是如虎添翼；</span><br />\n <span >例子1：家门被打开了，素不素进了小偷了呢？收到提醒后，打开小度进行画面观看；</span><br />\n <span >例子2：媳妇或者宝宝，又或者爸爸妈妈回家了，第一时间知道；</span><br />\n <span >例子3：又或者亲密的爱人，两个都安装丁盯比赛谁先到家；</span><br />\n <span >例子4：在温馨的小家庭里布置了浪漫的烛光晚餐，女朋友回家了，第一眼看到，多么温馨的画面啊；</span><br />\n <span >例子5：我的私房钱谁动了？哈哈，偷偷藏了私房钱，哪一天不小心给媳妇打开抽屉了，第一时间阻止；</span><br />\n <span >例子6：热恋中的小伙伴，如果带女朋友回家亲密，这个时候爸爸妈妈回来了怎么办？丁盯第一时间提醒您，</span><br />\n <span >例子7：自己爱车停在楼下，如果真的有那么一天被撬门了，丁盯第一时间提醒您；</span><br />\n <span >例子8：自己的办公桌，总有多手的同事喜欢来翻东西，丁盯第一时间提醒您；</span><br />\n <span >例子9：自己做小生意的小伙伴，放钱的抽屉被打开，第一时间提醒您；</span><br />\n <span >例子10：(*^__^*) 嘻嘻…… 想不出来了</span><br />\n</span>\n</p>\n<p>\n <span></span> \n</p>', 0, '2015-05-06 13:52:40'),
(6, 12, '', 0, '/uploads/product/12.jpg,/uploads/product/2-1.jpg,/uploads/product/33.jpg,/uploads/product/42.jpg,/uploads/product/52.jpg', 9, '5,5,3,5', '<p>\n <span><strong>【初识丁盯】</strong></span> \n</p>\n<p>\n <span>        第一次见到丁盯是在点名，看了介绍的确非常吸引我，因为它解决了我两个问题：①门到底关没关的强迫症心理，看一眼手机就安心了；②之前家里的安防都是红外动态监测，活动的物体能监测到但是如果门开了一条缝却是无能为力的；</span> \n</p>\n<p>\n <span>        功能是好的再看外观，的确设计上下功夫了，非常简约的造型，顺滑的触感，全身上下只有一个按键。</span> \n</p>\n<p>\n <span><img src="/static/script/keditor/attached/image/20150509/20150509182145_39543.jpg" alt="" /><br />\n</span> \n</p>\n<p>\n <span> </span> \n</p>\n<p>\n <br />\n</p>\n<p>\n <br />\n</p>\n<p>\n <span>【入手丁盯】</span> \n</p>\n<p>\n <span>        我选择一款产品非常挑剔和谨慎，因为是家居安全产品如果自身经不起考验那是不行的，所以当我在14年10月接触到丁盯后我没有立刻购买，而是观察了半年时间一直到15年3月才下手的。</span> \n</p>\n<img src="/static/script/keditor/attached/image/20150509/20150509182356_86996.jpg" alt="" /><br />\n<p>\n <img src="/static/script/keditor/attached/image/20150509/20150509182413_45321.jpg" alt="" />\n</p>\n<p>\n <br />\n</p>\n<p>\n <span>      包装采用了目前非常流行的设计，第一眼见到感觉很有科技感，背面是产品的参数。</span> \n</p>\n<p>\n       唯一不足的是包装没有掌握好开启的力道，上盖太严实了每次打开都比较费力，建议下次多尝试一下不同的紧密程度，要达到手拿上盖靠自重下底就能划出一节但又不完全脱落的状态。\n</p>\n<p>\n <br />\n</p>\n<p>\n <br />\n</p>\n<p>\n <span><strong>【安装丁盯】</strong></span> \n</p>\n<p>\n <span>        我选择的是黑色款，原因很简单黑色安装在角落比较不容易被发现，能悄悄的监控大门的状态。</span> \n</p>\n<p>\n <span>        认真学习完说明书的联网和安装教程，的确不难很快就安装到位：</span> \n</p>\n<img src="/static/script/keditor/attached/image/20150509/20150509182544_78073.jpg" alt="" /> \n<p>\n <img src="/static/script/keditor/attached/image/20150509/20150509182556_86597.jpg" alt="" />\n</p>\n<p>\n <span>      联网过程中遇到一个小问题，由于我家的路由器是限制MAC地址的，所以我首先要知道这个门磁的MAC地址，可惜在包装盒以及说明书上都没有标注，所以只能通过稍稍麻烦点的办法来获取MAC地址了。</span> \n</p>\n<p>\n <br />\n</p>\n<p>\n <br />\n</p>\n<p>\n <span>【丁盯生活】</span> \n</p>\n<img src="/static/script/keditor/attached/image/20150509/20150509182734_99421.jpg" alt="" /> \n<p>\n <span>        打开APP第一感觉也是非常的简约，所有重要的信息都一目了然，看一眼便知目前大门的状态，而且配图感觉很古朴很有质感。</span> \n</p>\n<p>\n <span>        设置基本很简单把账号注册号，然后设置提醒的时间和方式，分享一下我提醒的设计：</span> \n</p>\n<p>\n <span> </span> \n</p>\n<p>\n         —— 白天设置的是通知提醒，因为那会基本都能及时关注到手机的消息；\n</p>\n<p>\n         —— 晚上设置的是电话提醒，这样如果睡觉的时候大门被打开能立刻被电话铃音叫醒；\n</p>\n<p>\n <img src="/static/script/keditor/attached/image/20150509/20150509183630_23475.jpg" alt="" /> \n</p>\n<p>\n  <span >未完！下文看【追问】</span>\n</p>', 0, '2015-05-09 10:49:55'),
(9, 5, '', 0, '/uploads/product/blog_17.png,/uploads/product/blog_10.png,/uploads/product/about_us_slide_1.png,/uploads/product/about_us_slide_2.png,/uploads/product/about_us_slide_4.png', 10, '5,5,5,5', '<p>\n 测试11215\n</p>', 1434683457, '2015-06-19 03:10:57'),
(10, 13, '', 0, '/uploads/product/190634qiewebdepibieec3.jpg,/uploads/product/IMG_20150510_205643.jpg,/uploads/product/IMG_20150510_205632.jpg,/uploads/product/IMG_20150510_205618.jpg,/uploads/product/IMG_20150301_191716.jpg', 10, '5,4,5,5', '<p>\n 我是一个长期一个人住的人，所以我很想要一款家居安防产品，我看过市面很多报警产品，都不是我想要的。\n</p>\n<p>\n 直到我有一天，看到了丁盯，一下就亮了。\n</p>\n<p>\n 我买的是新春版，虽然功能一样，但有个“福”字，更吉祥的感觉，哈哈。\n</p>\n<p>\n <br />\n</p>\n<p>\n <img src="/static/script/keditor/attached/image/20150507/20150507105936_18027.jpg" alt="" /> \n</p>\n<p>\n 去年在我第一次在网上看到丁盯这个产品的时候，我就觉得这是年度最佳智能产品之一。\n</p>\n<p>\n 丁盯外观的设计可以看出是很用心的，我是个很注意细节的人，而这个产品的细节处理上我也觉得很满意，<span>弧线和角度的处理都很到位，厚薄有致，对于追求完美的我来说，已经算是不错了</span>。\n</p>\n<p>\n 黑白两种颜色，那是永不落伍的经典！\n</p>\n<p>\n <img src="/static/script/keditor/attached/image/20150507/20150507110720_61038.jpg" alt="" /> \n</p>\n<p>\n <br />\n</p>\n<p>\n 丁盯打破了市面现有的绝大多数的家居防盗报警产品，不只是在于小小的身躯，还在于它大大的能量。\n</p>\n<p>\n 市面上现有的该类产品，一般都体积很大，不是很符合现代人的时尚追求，且一般有电话功能的报警器，不是得连接固话电话线，就是要插入SIM电话卡，这对于我本人来说，极大的限制了它的使用，因为我家里没有固话，也不想多买张SIM卡。所以当丁盯这个可以通过WIFI来打电话报警的产品出来时，我觉得，这，就是我想要的！\n</p>\n<p>\n 在门窗上安装了丁盯后，只要门窗打开，数秒内手机就会收到来自丁盯的报警提醒电话，反应很快，灵敏，也让人放心。一个月可以免费接听三十次丁盯提醒电话，其实电话提醒就够了，并不需要接通电话，所以可以说，它是无限次数的提醒用户！\n</p>\n<p>\n 且丁盯的电池是相当耐用的，我买回来充了一次电，到现在已经使用三个月多月的时间了，依然还有30%的电量，这更让人可以放心的出门远游去了，不需要担心在外出的时候没电，有丁盯，不需要牵挂空无一人的房子<span>！</span> \n</p>\n<p>\n <span>在今时今日，我想大家也很注重产品的售后服务，这点丁盯的工作人员是值得肯定的，在我使用的过程，有疑问，有问题，他们会在QQ联系，也会打电话给我，耐心的指导，这给我的印象很好。</span> \n</p>\n<p>\n <span><img src="/static/script/keditor/attached/image/20150507/20150507112233_12108.jpg" alt="" /><br />\n</span> \n</p>\n<p>\n <span>作为丁盯的第一批用户，我还是对该产品很满意，即使是第一代产品，就已经做到很好。这便可以看出一个公司的用心。</span> \n</p>\n<p>\n 有丁盯，无须对家盯盯。\n</p>\n<p>\n <br />\n</p>', 0, '2015-05-11 05:27:55'),
(11, 22, '', 0, '', 8, '4,4,4,4', '测试观点是否为空', 0, '2015-05-13 16:27:58'),
(12, 23, '', 0, '/uploads/product/1.jpg,/uploads/product/21.jpg,/uploads/product/31.jpg,/uploads/product/4.jpg,/uploads/product/5.jpg', 9, '5,4,4,5', '        在智能产品层出不穷到泛滥成灾，甚至有些产品为了智能而加入物联功能的今天，能够出现一款像丁盯门磁这样的产品，着实不容易。丁盯给人的感觉很务实，起初使用可能会觉得功能单一，但是智能安防产品，抛开各种<span>花里胡哨</span>的功能，稳定可靠才是第一位的，试想一下，如果丁盯门磁隔三差五的来一次误报，然后你各种胆战心惊的掏出手机查看是否真的有人闯入你的那片私人领地，之后便传来各种对产品骂骂咧咧的词句，这样的产品用户不会使用，当然，这样的产品，丁盯也不会推向市场。在我个人使用的过程中，没有发现一次误报，仅有的“误报”也是因为我的手机网络或是定位没有开<img src="http://yundinghometest.dding.net/static/script/keditor/plugins/emoticons/images/17.gif" border="0" alt="" />。其次，作为一款智能产品，丁盯没有把它做的像个五大三粗的男人一般，而是把它做成了一个玲珑的小巧女生。智能产品虽说面向的主流人群现在大多还是极客（我木有说宅男哈），这样的人对于技术有着莫名的狂热，但是对于产品的外观没有过多的要求，甚至未经打样整合的散乱的电路板拼合的测试用机都能成为他们的玩物。但是丁盯并没有因为这样，就不对它精雕细琢，于是乎，一个类苹果范儿设计的产品就诞生了，就连包装都透着浓浓的苹果风和设计者对于“门”的概念极佳的诠释。最后，吸引我的是丁盯门磁那似乎永远用也用不完的“劲儿”，我只想说一句，3个月才充1次电，这功耗也忒低了吧，我们的手机如果开着WiFi，用不了一天就彻底悲剧，这货是怎么做到这么低的功耗的呢。对于丁盯，我是很满意的，不光是出于对这个产品的肯定，更是对于开发团队的欣赏，是你们的精益求精造就了这样一款真正意义上带给人生活便利的智能产品，而不是靠占领人们手机屏幕上那一排排多的不能再多的APP，对于APP我们需要的是极简体验，而不是连开灯关灯这种简单操作都需要打开APP的傻X行为，随着用户粘性的提升会引领丁盯将来走的更高更远。        ', 0, '2015-05-08 15:39:17'),
(13, 7, '', 0, '/uploads/product/T1WqZ_B4KT1RXrhCrK.jpg,/uploads/product/T16tZgBXZT1RXrhCrK.jpg,/uploads/product/T1LECjByLT1RXrhCrK.jpg,/uploads/product/T1d.hgByLT1RXrhCrK_.jpg,/uploads/product/T1SkCvBvDT1RXrhCrK.jpg', 10, '5,5,5,5', '                <p >\n 简介一下丁盯智能门磁的几大特点：\n</p>\n <p >\n <span>    一、</span><span>门窗忘关，及时提醒；这点很重要，有的小伙伴肯定跟我整天丢三落四的，门没关上就出门了，这点丁盯办到了。</span>\n</p>\n <p >\n     二、实时监控，远程报警；家里有贼进入会实时提醒，有了丁盯再也不会出现抓不到贼的情况了。\n</p>\n <p >\n     三、历史查询记录；这点我觉的有点像女性的福音啊…汗汗的…老婆可以查看我是几点回来的。\n</p>\n <p >\n     四、操作简单，一键速配；这点我体验到了确实很简单的就匹配上了，易上手。\n</p>\n <p >\n     五、极致设计，品味体现；这点我觉得是深得用户的喜欢，超薄、款式好看、电话提醒、待机时间长等，上品之作。\n</p>\n <p >\n <br />\n</p>\n <p >\n  <p >\n  提几点建议：\n </p>\n  <p >\n      1. 建议丁盯门磁可以跟微信打通，微信提醒也是1个不错的选择哦。\n </p>\n  <p >\n      2. 充电速度有点慢，不知道是不是我的个别原因，充了一晚上早晨起来竟然没充满……\n </p>\n  <p >\n      3. 建议除了手机定位免提醒，还可以在同一个wifi下免提醒。\n </p>\n  <p >\n      4.丁盯门磁正面的地方做的很精致，但是后面的地方我建议还需要在加工一下，稍微有点粗糙了。\n </p>\n</p>                ', 0, '2015-05-08 07:43:56'),
(14, 25, '', 0, '/uploads/product/547800ae66de1.jpg_e600_.jpg,/uploads/product/2014-11-27_122231.jpg,/uploads/product/2014-11-27_123111.jpg,/uploads/product/2014-11-27_220503.jpg,/uploads/product/2014-12-01_090041.jpg', 10, '5,4,5,5', '        对于一名经常出差的轻度强迫症患者来说，老巢的安全性必须是件头等大事……<br />\n为了提高星公馆的防盗等级，LZ在去年就早早把家里门锁换成了配备内铣钥匙的超B级锁芯(参考下图)。<br />\n<img src="/static/script/keditor/attached/image/20150510/20150510223929_31300.jpg" alt="" /><br />\n<p>\n <br />\n</p>\n<p>\n <br />\n</p>\n本想着这下终于可以高枕无忧了，怎料近期突然因为败家媳妇的一时疏忽，留下了大门钥匙有可能被复制的巨大隐患，好不容易刚安定下来的心这下又悬了起来。<br />\n要说当时的过程非常蹊跷，下午五六点钟LZ一家两口购物归来，大包小包拎了不少，媳妇腾出手来开了门，进屋后就从里面一锁再没有出去过。第二天早上九点多，刚睡醒懒觉的LZ准备去上班时突然发现门开着道缝，而钥匙就插在外面的锁孔里！赶紧打电话向媳妇了解情况，内人强调早上七点出门时还特意看了当时并没插着钥匙，于是推测钥匙应该被人拔了又还回来过。好在新换的这种超B级锁的内铣钥匙还真不是街头小店随便就能配得了的，考虑到失联时间不长从理论上推测应该还来不及复制，于是一个更加令人挠头的问题就来了：到底是对方知难而退？还是良心发现？甚至是另有阴谋？？<br />\n<br />\n从概率角度分析再次换锁未免有点得不偿失，还是先在网上查查有啥捷径吧……哎，丁盯智能门磁……这个不错嘿，正好可以填补上这个几率甚小的忧虑空间啊！速速下单，收到货后第一时间就进行了安装测试。最终结果挺满意，以下就聊聊实测的体会好了。<br />\n<br />\n<br />\n最外一层看到是标准网销包装，除了做好自身防护措施以外，居然还贴心的使出了讨好暴力快递哥的小手段……<br />\n<img src="/static/script/keditor/attached/image/20150510/20150510224009_46753.jpg" alt="" /><br />\n<br />\n<br />\n加厚牛皮纸箱内部，静静的躺着精致小巧的产品包装，双重包装还是挺靠谱的。<br />\n<img src="/static/script/keditor/attached/image/20150510/20150510224029_49133.jpg" alt="" /><br />\n<br />\n<br />\n实际的包装盒原没有外部那么臃肿，怀旧的CD盒赶脚。<br />\n<img src="/static/script/keditor/attached/image/20150510/20150510224050_69773.jpg" alt="" /><br />\n<br />\n<br />\n揭开庐山真面目，标准开箱照来了！里面从左到右分别是充电线(纸框包装)、智能门磁主机、感应块。<br />\n<img src="/static/script/keditor/attached/image/20150510/20150510224223_75880.jpg" alt="" /><br />\n<br />\n<br />\n标准配置硬件排排站，门磁主机自带快拆底座，卸下充电很方便的说。<br />\n<img src="http://yundinghometest.dding.net/static/script/keditor/attached/image/20150510/20150510224127_80827.jpg" alt="" /><br />\n<br />\n<br />\n充电接口是时下流行的mini usb，安卓系统手机的充电线也可以通用。<br />\n<img src="/static/script/keditor/attached/image/20150510/20150510224243_50461.jpg" alt="" /><br />\n<br />\n<br />\n初步感受是设计轻巧做工精致，表面采用了不反光的磨砂处理，面板上只有一个负责启动/停止/绑定的多用途按键。<br />\n<img src="/static/script/keditor/attached/image/20150510/20150510224307_84380.jpg" alt="" /><br />\n<br />\n<br />\n主机背面的快拆底座结构，设计合理定位准确。<br />\n<img src="/static/script/keditor/attached/image/20150510/20150510224342_18259.jpg" alt="" /><br />\n<br />\n<br />\n主机和感应块背面都有3M胶贴，实际安装非常简便。<br />\n<img src="/static/script/keditor/attached/image/20150510/20150510224401_76666.jpg" alt="" /><br />\n<br />\n<br />\n感应条侧面有很强的磁性，而且宽度只有区区8mm，对于10mm宽度的门框来说刚好合适。<br />\n感应条放在主机的左右位置均可，安装过程不能再简单了，啪啪两下粘住完事。<br />\n<p>\n <img src="/static/script/keditor/attached/image/20150510/20150510224434_22649.jpg" alt="" />\n</p>\n<p>\n <br />\n</p>\n<br />\n<br />\n厚度不大，美观方面没啥影响。每次关门时会闪动蓝灯一次提示工作状态正常，如果电量不足时则会通过闪动红灯进行告警。<br />\n<p>\n <img src="/static/script/keditor/attached/image/20150510/20150510224454_23836.jpg" alt="" />\n</p>\n<p>\n <br />\n</p>\n<br />\n<br />\n整体效果（鉴于实在是怕了忘拔钥匙这件事，于是自己琢磨了个小窍门：每天固定挂放位置，一目了然。）<br />\n<p>\n <img src="/static/script/keditor/attached/image/20150510/20150510224522_79365.jpg" alt="" />\n</p>\n<p>\n <br />\n</p>\n<br />\n<br />\n安装完毕，进入实用环节！<br />\n<br />\n<p>\n 虽然说温馨提示卡挺可耐的，可说明书也实在是太太太简单了，理解力差点的估计真琢磨不明白哇！\n</p>\n<p>\n <img src="http://yundinghometest.dding.net/static/script/keditor/attached/image/20150510/20150510224618_87935.jpg" alt="" />\n</p>\n<img src="/static/script/keditor/php/../attached/image/20150510/20150510224616_75047.jpg" alt="" /><img src="/static/script/keditor/php/../attached/image/20150510/20150510224617_25557.jpg" alt="" /><br />\n<br />\n<br />\n<br />\n通过说明书(卡？)上的二维码下载app，然后注册账户并绑定智能门磁。<br />\n（不支持5G网络这点略感不爽……）<br />\n<p>\n <img src="/static/script/keditor/attached/image/20150510/20150510224722_15549.png" alt="" />\n</p>\n<p>\n <br />\n</p>\n<br />\n<br />\n绑定完成后就会立刻自动进入工作状态，app主页面上仅提示门的状态是开还是关。<br />\n如果在设防状态下主机和感应块分离(门打开)，设置好的手机号码会收到来电或短信提示，来电接通后自动播放音频通知。<br />\n<img src="/static/script/keditor/attached/image/20150510/20150510224754_44086.png" alt="" /><br />\n<br />\n<br />\n<br />\napp的提醒设置页面，可设置提醒时段和方式等，总体来说那个白天本地免打扰是最实用的功能，可以有效避免在主人回家时被识别为入侵报警。<br />\n（不过夜猫子小家雀不可一概而论，各家的作息肯定都有不同，时段不可设置这点亟需改进）。<br />\n<img src="/static/script/keditor/attached/image/20150510/20150510224826_31757.png" alt="" /><br />\n<br />\n<br />\n<br />\n同一个app上还可绑定多个智能门磁，并可以授权其他账号作为副主人。<br />\n而且权限是一样的，不光彰显家庭地位平等，在主人手机没信号的情况下，作为备份及时提示副主人，等于又加了一重保险。<br />\n<img src="/static/script/keditor/attached/image/20150510/20150510224848_42196.jpg" alt="" /><br />\n<br />\n<br />\n<br />\n已绑定设备端的详情，默认电话提示每月限额30次（足够了），短信没有提示次数限制。<br />\n<img src="/static/script/keditor/attached/image/20150510/20150510224911_54178.jpg" alt="" /><br />\n<br />\n<br />\n<br />\n开关门的记录在服务器上有存档，可追溯查询到每天的所有开关门记录。<br />\n<img src="/static/script/keditor/attached/image/20150510/20150510224935_26296.png" alt="" /><br />\n<br />\n<br />\n<br />\n因为原理机制的关系，如果客户端手机或家里的网络出现断网的情况，门磁会显示处于失联状态。<br />\n这时即使门被打开，也无法获得通知……<br />\n<img src="/static/script/keditor/attached/image/20150510/20150510225001_33662.png" alt="" /><br />\n<br />\n<br />\n<br />\n补充设防状态下报警过程的亲测视频：http://v.youku.com/v_show/id_XODM5MTExMzI0.html<br />\n<br />\n关门时主机会点亮蓝色灯提示状态正常，如果电量不足则变显示红色。<br />\n<br />\n实测发现从触发警报到来电通知之间会有10-15秒的延迟，估计通过服务器中转的关系的缘故，尚在可接受范围内。<br />\n<br />\n<br />\n<br />\n最后做个总结！<br />\n<br />\n先说说优点：<br />\n<br />\n设计理念炒鸡实用，原理简单结构轻巧，完全符合时下智能化家居的根本需求。<br />\n销售价格设定合理，花费一百多块钱换来个进出安心可谓性价比无敌了。<br />\n安装使用非常方便，多终端多用户的协同管理更使可靠性倍增。<br />\n工作时间可达一个月，避免了经常需要充电的繁琐。<br />\n没有另外收取包月服务费，每月免费通知30次来电绰绰有余。<br />\n<br />\n<br />\n<br />\n再聊聊缺点：<br />\n<br />\n主功能完全依赖厂商服务器支持，长期系统稳定性有待观察。如果用户大量增加，不知道负荷方面有没有问题。智能门禁的最关键性能就是在第一时间得到通知，如果因服务器端系统的稳定性不足发生信息延迟甚至误报漏报，将使其概念应用完全失去市场前景。<br />\n本地免打扰时段(主人在家状态)的具体时间设置权限有待开放。<br />\n断网、停电等特殊状况下的应对措施有待完善。<br />\n感应条设置在主机左侧时会导致充电口被遮挡，建议将充电口改到底部，这样的话可在不拆下主机的情况下，通过数据线和移动电源进行在线充电，从而避免充电后忘记装回，或因经常插拔快拆底座造成安装位松动的情况。<br />\n<br />\n<br />\n其他补充：目前急需一种在忘拔钥匙时可以进行提示的小装置，可以接近感应方式作为其原理，在门上锁孔附近设置感应接收器，在钥匙串上安置感应片，如果两者接近到一定距离并持续超过一定时间后，通过感应接收器发出蜂鸣进行提示，欢迎丁盯厂家采纳建议或积极研发，专利费俺就不收了，只要送个原型就心满意足了，哈哈！<br />\n<div>\n <br />\n</div>\n<br />        ', 0, '2015-05-10 14:51:39'),
(15, 24, '', 0, '/uploads/product/mmexport1431180587854.jpg,/uploads/product/23.jpg,/uploads/product/34.jpg,/uploads/product/43.jpg,/uploads/product/53.jpg', 10, '5,5,4,5', '小巧、便利，用了快半年才充一次电，功耗很低。<br />\n<p>\n 安全性以外，还能够帮助掌握家人出门的动向，增进与家人互动性。\n</p>\n<p>\n 家人手机也安装了APP，所以不论是自己上班，还是家人出门买菜，都不用担心没有关好门了。\n</p>\n<p>\n 我基本不用所谓的报警功能，因为小区基本还是比较安全的，基本把它当做一个开关门记录仪来使用。\n</p>\n<br />\n一点小小的建议就是：例如在“设备详情”中将本人的手机绑定为管理员，将家人手机设定为成员的情况下，设备无法识别究竟是谁出门，而似乎仅仅是凭经验在“历史记录”中显示“我出门了”和“我回来了”。这种不清楚的限定，是否是由于硬件或是软件缺陷所致，例如无法识别相应的手机是否离开？建议增加相应的模块以解决该问题。<br />\n<br />', 0, '2015-05-09 14:49:34'),
(16, 20, '', 0, '/uploads/product/444444eeee44_编辑.jpg,/uploads/product/1416990877165165.jpg,/uploads/product/54508e3d32abf.jpg_foc_.jpg,/uploads/product/52269fc7135c1117300.png,/uploads/product/2222.jpg', 10, '5,4,5,5', '<p>\n <span>丁盯门磁刚在点名时间发起众筹的时候便引起了我的关注，因为丁盯打出的第一个卖点就是”强迫症“患者的必须品！（好吧，我是有点强迫症） 之后当然是参加了丁盯门磁在点名的平台上的一系列推广活动，还幸福的得到了100元的支付宝大奖。所以丁盯门磁这个团队给我留下了极为深刻的印象，而后来这个团队对产品的不足和缺陷上也不断的和使用者进行沟通，给我带来了极佳的用户体验。</span> \n</p>\n<p>\n <br />\n</p>\n<p>\n   对丁盯门磁的使用上，这是我迄今为止用过的最好的门磁，真的没有之一。我住的楼层低所以在家庭安防方面的考虑也比全面，目前市场上多半的门磁产品要么不智能要么续航时间短需要电源持续供电，再则就是门磁不能单独的使用必须购买整套整套的安防产品来配合使用，这对于我来说一是价格方面的考虑而是家居空间需要的考虑，你说我就一个小面积住宅至于搞那么一大套所谓的安防器材摆在家里么，显然不现实！丁盯门磁的出现正好解决了我需要解决的问题。当然现在丁盯门磁的价格已经变成了199，当初的众筹价格也只有99元，挺后悔没有多买几个的，拿来送亲戚朋友也是挺不错的礼物。\n</p>\n<p>\n <br />\n</p>\n<p>\n   拿到丁盯门磁的第三天我写了一篇评测发表在点名时间（相信我是量产机当中发表评测最早的）不过丁盯貌似没注意到，现在再发出来已经完全没有了当初的意义。那么我就来谈谈使用丁盯门磁这小半年来的感受吧。\n</p>\n<p>\n <br />\n</p>\n<p>\n <img src="/static/script/keditor/attached/image/20150508/20150508140701_41097.jpg" alt="" /> \n</p>\n<p>\n <br />\n</p>\n<p>\n 功耗：\n</p>\n<p>\n 使用低功耗的WiFi技术我认为是丁盯门磁成功的关键，续航有多长我没有进行过具体的测试，但一般来说1-2个月丁盯门磁是妥妥的能保证的，所以在这一点上我觉得丁盯门磁做得很棒！唯独让我感到遗憾的就是丁盯给配的充电线材实在是太短了而且还没有标配充电插头，在充电方面稍显不便。万幸丁盯门磁本身质量很轻，即使悬空充电也不会造成什么不当的后果，让我纠结不定的还是那个充电线，丁盯啊，丁丁是不是太短了？（能看懂么，^_^）\n</p>\n<p>\n <br />\n</p>\n<p>\n <img src="/static/script/keditor/attached/image/20150508/20150508152103_69728.jpg" alt="" />\n</p>\n<p>\n <br />\n</p>\n<p>\n 外观：\n</p>\n<p>\n 丁盯门磁的外观很漂亮，迄今为止在门磁产品中丁盯是首个集美貌和智慧于一身的智能门磁。这里我必须还是谈到当初和丁盯的工作人员谈到的事情，第一批产品中丁盯门磁的主机后面的挂扣设计的还不够稳定，主机上面能固定下半部分则没有可以固定的地方，稍微用力的晃动大门都容易造成主机从卡扣上掉落。我现在用了一块双面胶贴在主机上，起到了一定的固定作用。从丁盯那里听到的好消息就是新版的设计已经加固了卡扣部分，能用心听取用户的建议并进行改正的团队，真的很少。\n</p>\n<p>\n <br />\n</p>\n<p>\n <img src="/static/script/keditor/attached/image/20150508/20150508132324_93341.jpg" alt="" /> \n</p>\n<p>\n <br />\n</p>\n<p>\n <br />\n</p>\n<p>\n 智能：\n</p>\n<p>\n 门磁的智能体现在APP上面，APP的界面设计我非常喜欢而且功能显示直观，这个给64个赞也是不为过的，免费的电话提醒以及手机通知推送让我即时在外面也能知道家里的一举一动，当时我还脑洞大开表示丁盯门磁可以做为一款有力的捉奸工具，当然我希望谁都不要把丁盯门磁用在这方面上来，应该会是个悲伤的故事。\n</p>\n<p>\n <br />\n</p>\n<p>\n <br />\n</p>\n<p>\n <img src="/static/script/keditor/attached/image/20150508/20150508152121_38344.jpg" alt="" />\n</p>\n<p>\n <br />\n</p>\n<p>\n 稳定性：\n</p>\n<p>\n 我一共有2个门磁，但有一个门磁在一段时间里表现的并不稳定，时常会记录丁盯不停开关门的通知。目前这个问题的原因我还没找到，也许是硬件上的缺陷也可能是门磁和磁柱之间的距离游离在报警和不报警之间，不管怎么说我已经把2个门磁对调了位置，并用双面胶固定住了门磁主机，从此再也没出现过报警失误事情了。谢谢丁盯的工作人员的热心坚持让我把产品发回去换一个全新的给我，但我觉得问题不大就不愿意再折腾了。这里我还顺带提一下关于APP的电量低通知提醒，丁盯一旦电量低就会通过APP端进行通知，而且是不断重复的通知，请在以后的客户端设计中增加一个免低电量通知的选项吧。\n</p>\n<p>\n <br />\n</p>\n<p>\n <br />\n</p>\n<p>\n <img src="/static/script/keditor/attached/image/20150508/20150508140944_92536.jpg" alt="" /> \n</p>\n<p>\n <img src="/static/script/keditor/attached/image/20150508/20150508141002_45955.jpg" alt="" /> \n</p>\n<p>\n <br />\n</p>\n<p>\n <br />\n</p>\n<p>\n 丁盯门磁是个非常不错的产品，解决了传统安防器材当中许多不能解决或者说是从来没考虑为用户解决的事情，一个产品能否成功不仅要看产品的好坏而且还要看团队对用户的重视，丁盯门磁无疑是做到了上述两点。最后我引用当初写在评测里末尾的最后一段话来结束这篇短文：\n</p>\n<p>\n <br />\n</p>\n<p>\n <br />\n</p>\n<p class="MsoNormal">\n 小结：将简单的事做到极致便是极好的<span></span> \n</p>\n<p class="MsoNormal">\n <span> </span> \n</p>\n<p class="MsoNormal">\n 有人问我用一个这样的门磁研究门的开开合合有什么意义，这个就看仁者见仁智者见智了。丁盯门磁用的是低功耗的<span>WiFi</span>这点是非常不错的，日常我们接触到的智能产品耗电量巨大很大一部分的原因在于<span>wifi</span>连接当中消耗去了电量，而丁盯门磁通过低功耗的<span>WiFi</span>连接不需要经常性的进行充电，保证了续航。仅仅这点，我认为未来的智能产品都应该往这个方向去发展和探索，智能生活是为了人们更便捷、有效的享受生活，如果为了产品本身的正常使用而浪费时间精力的话，那它还能是你想要的生活吗？<span></span> \n</p>\n<p class="MsoNormal">\n <br />\n</p>\n<p class="MsoNormal">\n <img src="/static/script/keditor/attached/image/20150508/20150508132143_93401.jpg" alt="" /> \n</p>\n<p class="MsoNormal">\n <br />\n</p>\n<p class="MsoNormal">\n 一件产品的好坏不在于它集成了多少的功能、堆砌了多少强大的硬件，根本的还在于能不能为我们的生活提供便利，丁盯门磁做了一件事：看好门窗。如果能把这件简单的事做到极致，便是极好的。<span></span> \n</p>\n<p>\n <br />\n</p>\n<p>\n <br />\n</p>\n<p>\n <br />\n</p>\n<p>\n <br />\n</p>', 0, '2015-05-08 07:24:18'),
(17, 26, '', 0, '', 10, '5,5,5,5', '        <p>\n 产品非常漂亮，功能比较牛，可以报警，略有延迟。功能也非常强大，可以定时，设定手机，记录开关门。安装也非常简单。建议你们多推出一些外观，图案。稍微更改一下外形，针对各种门，各种窗，配合各种风格的装修。有更多的丁丁可以选择。\n</p>\n<p>\n <br />\n</p>\n<p>\n 介绍下功能： \n</p>\n<p>\n 1.可以设置白天免打扰模式。手机在附近的时候不会提示。\n</p>\n<p>\n 2.电话提醒非常贴心，而且免费，非常的棒。有次数限制。\n</p>\n<p>\n 3.开关门有记录，方便查看。 4.外形很帅气，很素，很漂亮，我喜欢。 \n</p>\n<p>\n <br />\n</p>\n<p>\n 个人建议： \n</p>\n<p>\n 1.充电的时候没有提示，有一次显示门未关闭。\n</p>\n<p>\n 2.账号不能更换手机号码，现在换手机套餐非常频繁，重新绑定很麻烦。搞那么多账号也不好。 \n</p>\n<p>\n 3.电量低的时候建议有灯光提示。 \n</p>\n<p>\n 4.开关门记录这里的UI再设计Q点，好看点。\n</p>\n<p>\n 5.充满电之后提示一下。\n</p>        ', 0, '2015-05-10 13:07:47'),
(18, 27, '', 0, '', 10, '5,5,5,5', '<p>\n 作为丁盯的第一款产品，工业设计做得非常出色！\n</p>\n<p>\n 先不说功能，产品稳定性在我体验过的智能家居设备中绝对是首屈一指的，必须赞！\n</p>\n<p>\n 其次，日常使用上来说，对于上班族真的非<span>常便利，在家免打扰和离家时的提醒功能都非常的贴心，低功耗设计最大程度的保证了产品的续航能力！出门在外</span>再也不用担心自己家的安全问题了，就算是一两个月的出差也可以轻松应对~\n</p>\n<p>\n 由于家里有老人，接受新事物较慢，用起来可能觉得不习惯，希望丁盯的后续产品能更多地从这个群体的角度考虑，为大家带来更棒的产品！\n</p>', 0, '2015-05-09 04:29:53'),
(19, 8, '', 0, '', 10, '5,5,5,5', '<p class="p1">\n <span class="s1">      自从丁盯智能门磁上线点名时间以来终于在众筹结束第一时间2014年10月22就收到了白色版本。说实话刚开始也没期望太高。到手第一时间就体验了。当时真的被它的待机时间震撼到了。我用了半个月竟然还有电65%的电。不过在这期间也有一些BUG。比如刚开始绑定两个手机的情况下。开关门离家的手机没推送的问题。丁盯的软件工程师远在天津也第一时间及时电话沟通来排查和解决问题。很让人感动。一个好的产品不仅仅是硬件上的。软质服务也同样重要。后续大概在1到2月底。陆陆续续收到了黑色版本和新春版本。做工也一如既往的给力。家里的窗户都安装了丁盯门磁。人在外旅游对家里的情况可以在手机上及时掌握。那个感受想必是一种安全感吧。到2015年5月这大半年时间。每次更新一次APP都比以往更加的给力，软件的BUG也一次次修改。体验也越来越好。APP上面的门磁显示电量也越来越精准。主要是手机远程推送也准确推送报警。每次开关门的记录显示时间也很精准。真心给这个产品点赞。5月5号听说丁盯又要推出新的智能设备很是开心。想想用了这么久。家里5个丁盯门磁了也应该写写心得作为对丁盯门磁团队的一种回馈和致敬吧。我从事IT行业。深知创业初期的各种艰辛。也亲自经历过这种血雨腥风的创业经历，丁盯能做到现在这个规模真心不容易。智能家居市场入门低但是想要在这个市场上站住脚真心不容易。刨除价格因素，单单能做到让消费者认可就很难。在此希望丁盯这个品牌可以越走越远，做到智能家居安全领域的佼佼者。</span>\n</p>', 0, '0000-00-00 00:00:00'),
(20, 10, '', 0, '/uploads/product/41.jpg,/uploads/product/22.jpg,/uploads/product/11.jpg,/uploads/product/32.jpg,/uploads/product/51.jpg', 10, '5,5,5,5', '<p class="MsoNormal">\n <span><strong>通过众筹了解产品，首批机器入手。</strong></span>\n</p>\n<p class="MsoNormal">\n <span><strong>做工真心不错，轻薄，我就不多提了。</strong></span>\n</p>\n<p class="MsoNormal">\n <span><strong><strong>安装也很是简单，盒子上面有二维码，扫码下载APP。IOS 。</strong></strong></span><strong><strong>安卓。软件通吃。</strong></strong>\n</p>\n<p class="MsoNormal">\n <strong><strong>之后手机wifi同网直接接入。本人IOS。完美接入。</strong></strong>\n</p>\n<p class="MsoNormal">\n <strong><br />\n</strong>\n</p>\n<p class="MsoNormal">\n <span><strong><img src="/static/script/keditor/attached/image/20150508/20150508234610_34922.jpg" width="600" height="338" alt="" /></strong></span> \n</p>\n<p class="MsoNormal">\n <span><strong><br />\n</strong></span>\n</p>\n<p class="MsoNormal">\n <span><strong> </strong></span> \n</p>\n<p class="MsoNormal">\n <strong>提起安装我还担心，门不标准能不能行，经过实验，完全可以，只要磁力感应到就完全可以，我的门框为铁，磁条根本没用胶，直接吸在门框上，五个月，一次没出错。主机背面的3M也很给力，不用担心掉。但是想换门，就得重新换胶了，希望丁盯可以多送我们一胶。</strong>\n</p>\n<p class="MsoNormal">\n <strong><br />\n</strong>\n</p>\n<strong><img src="/static/script/keditor/attached/image/20150508/20150508234725_74394.jpg" width="400" height="534" alt="" /><br />\n</strong> \n<p>\n <br />\n</p>\n<p class="MsoNormal">\n <span><strong> </strong></span> \n</p>\n<p class="MsoNormal">\n <strong>产品的续航能力值得一提，出厂百分之三十电，五个月仅充电一次，现在还剩下百分之四。估计半年充一次电即可。</strong>\n</p>\n<p class="MsoNormal">\n <strong><br />\n</strong>\n</p>\n<p class="MsoNormal">\n <strong><img src="/static/script/keditor/attached/image/20150508/20150508234850_21288.jpg" width="400" height="711" alt="" /><br />\n</strong> \n</p>\n<p class="MsoNormal">\n <strong><br />\n</strong>\n</p>\n<p class="MsoNormal">\n <strong> </strong> \n</p>\n<p class="MsoNormal">\n <strong>提醒分为电话和通知两种，电话限次数三十次，不过只要不接，次数不减，定位系统也不错，知道是否为本人回家，不过本人水果机电力有限，定位被我限制掉了，提醒很准，最多延迟<span>5</span><span>秒，不过也有插曲，过年回老家门突然开，担心中。后来询问服务器出问题了，丁盯你的服务器该用自己的了。唯一就是我没摄像头，联动没有测试，感觉该弄一个摄像头了。</span></strong> \n</p>\n<p class="MsoNormal">\n <strong><span><br />\n</span></strong>\n</p>\n<strong><img src="/static/script/keditor/attached/image/20150508/20150508235004_11180.jpg" width="400" height="710" alt="" /><br />\n</strong> \n<p>\n <br />\n</p>\n<p class="MsoNormal">\n <strong> </strong> \n</p>\n<p class="MsoNormal">\n <strong>最后献上小<span>p</span><span>签名一张，为什么？哈哈。我就不多提了。希望丁盯能做出更好更值得期待的产品。加油！</span> </strong> \n</p>\n<p class="MsoNormal">\n <strong><span><br />\n</span></strong>\n</p>\n<strong><img src="/static/script/keditor/attached/image/20150508/20150508235033_86115.jpg" width="600" height="450" alt="" /><br />\n</strong> \n<p>\n <br />\n</p>', 0, '2015-05-09 07:51:17'),
(21, 28, '', 0, '/uploads/product/丁盯门磁1.JPG,/uploads/product/丁盯门磁2.JPG,/uploads/product/丁盯门磁3.JPG,/uploads/product/丁盯门磁4.JPG,/uploads/product/丁盯门磁5.JPG', 10, '5,5,5,5', '                                        <p>\n     第一次，在点名时间上看到丁盯门磁感觉这个功能很赞，能检测到开关门两个状态，市面上的安防产品只能检测到门是否开了，而不能检测到门是否关闭，这是个我的第一个惊喜，第二个惊喜就是产品的外观，丁盯门磁的外观非常漂亮，就外观这一点已经打败市场上所有的门磁了，第三个惊喜就是可以电话提醒，而且功能都是免费提供的，市面上的一些安防产品能提供打电话的还需要SIM卡，还要每月付月租费......丁盯是完全免费。第四个惊喜就是用户体验上，丁盯的功能和稳定性都一直在做改进，从初始的app界面到现在大家所使用的app界面，还有检查家人的进出状态，还有检查是否离线等诸多功能的升级，包括碰到问题客服人员耐心的讲解。\n</p>\n<p>\n    这让我们有理由期待丁盯的下一个产品。\n</p>                                        ', 0, '2015-05-09 03:54:48'),
(22, 30, '', 0, '', 10, '5,5,5,5', '        去年一次很偶然的机会得到了一次免费试用丁盯智能门磁的机会（新春限量版的），在此之前一直有关注过这个新兴的家居安防产品，但实际使用后发现他的功能真的非常智能、非常强大，外观小巧但设计非常流畅看着很舒服、开机使用后发现探测门开关的精准度不是一般的好啊，非常精准的APP推送或电话语音提醒非常人性化。使用一个月左右的时间电量居然还有一半多非常经济省电，贴在门上非常漂亮，既可以起到防抢防盗的功能又美化了大门一举两得，上班期间偷空写的全是一字一字手机打的，希望下一步在推出智能联防系统、丁盯门磁检测到门开了里边摄像头自动开启抓拍照片APP推送，这样出门在外更安心、更安全。另外说一下我可能是第一个去过咱们研发团队办公室的客户，准备参加（普罗米修斯计划）期待再去一次技术控们的办公室        ', 0, '2015-05-09 10:14:08'),
(23, 0, '', 0, '', 0, ',,,', '', 0, '2015-06-09 15:06:54'),
(24, 0, '', 0, '', 0, ',,,', '', 0, '2015-06-09 15:06:54');
INSERT INTO `opinion` (`id`, `user_id`, `device`, `status`, `pictures`, `score`, `stars`, `view`, `create_time`, `update_time`) VALUES
(25, 11, '', 0, '/uploads/product/QQ截图20150509210844.jpg,/uploads/product/图片3.jpg,/uploads/product/图片7.jpg,/uploads/product/图片9.jpg', 9, '5,4,4,5', '<p class="MsoNormal">\n 我家的忠诚卫士-丁盯智能门磁 使用简测<br />\n<br />\n13年家装，开始关注智能家居，通过度娘发现某众筹网站（当年），从此一发不可收拾败了不少东西（其中不乏吃灰之物），每天打开有什么新奇黑科技入手玩玩，某天看到“丁盯智能门磁 强迫症、健忘症的福音！”这句广告词就感觉，哎呦，不错哦，这货必须入手试试，目测可以后顾之忧，因为经常下楼之后又跑上楼看看门关严实了没，悲催强迫症，开筹后立马下单入了几个，之后就是3个月的安静等待，到11月中旬快递小哥终于把它送到我手中了。<br />\n<br />\n一.外观参数<br />\n1.官方参数与简介<br />\n简介：丁盯智能门磁是全球首款无需另购主机、SIM卡就可以直接拨打电话提醒主人的智能门磁<br />\n2.参数\n</p>\n<p class="MsoNormal">\n <span></span> \n</p>\n<p class="MsoNormal">\n <span><img src="/static/script/keditor/attached/image/20150509/20150509215317_82938.jpg" alt="" /><br />\n</span>\n</p>\n<p class="MsoNormal">\n <span>二．产品包装及开包（伪）   以下照片略渣，见谅！<br />\n1.收到快递，干脆利落撕掉外衣后映入眼帘的是瓦楞纸的包装盒，嗯，快递小哥确实辛苦！<br />\n<br />\n</span>\n</p>\n<p class="MsoNormal">\n &lt;!--[if !supportLists]--&gt;&lt;!--[endif]--&gt;\n</p>\n<img src="/static/script/keditor/attached/image/20150509/20150509215357_50127.jpg" width="652" height="600" alt="" /><br />\n<p>\n 2.抛弃外包装后看到的是当下主流包装风格，简洁\n</p>\n<p class="MsoNormal">\n &lt;!--[endif]--&gt;\n</p>\n<img src="/static/script/keditor/attached/image/20150509/20150509215420_80519.jpg" width="750" height="392" alt="" /><img src="/static/script/keditor/attached/image/20150509/20150509215429_77756.jpg" width="750" height="629" alt="" /><br />\n<p>\n 3.打开包装，内部为主机，磁条，充电线，说明书，APP下载二维码以及安装说明，黑白双煞，黑色主机为白色包装，白色主机则用黑色包装（原谅主机磁条已安装）\n</p>\n<img src="/static/script/keditor/attached/image/20150509/20150509215513_82297.jpg" alt="" /><br />\n<p>\n 4.主机及磁条，黑白双煞安装在门上非常牢固，开关门无需担心掉下\n</p>\n<img src="/static/script/keditor/attached/image/20150509/20150509215539_91681.jpg" alt="" /><img src="/static/script/keditor/attached/image/20150509/20150509215547_59439.jpg" alt="" /><br />\n<p>\n <br />\n</p>\n<p class="MsoNormal">\n <span> </span> \n</p>\n<p class="MsoNormal">\n 主机厚度，充电口\n</p>\n<p>\n <img src="/static/script/keditor/attached/image/20150509/20150509215602_67697.jpg" width="750" height="561" alt="" /><img src="/static/script/keditor/attached/image/20150509/20150509215609_31078.jpg" width="750" height="462" alt="" /> \n</p>\n<p>\n 5.安装，安装非常便捷，主机分主机和背板，背板后面有3M胶，粘贴到门上后很难在取下，当初黑白双色想互换颜色试过，背板都弄变形了，没成功，磁条上同样有3M胶，并且内部有磁铁，所以金属门上安装更为牢固<br />\n<br />\n官方安装图解\n</p>\n<p>\n <img src="/static/script/keditor/attached/image/20150509/20150509215639_51713.jpg" alt="" /> \n</p>\n<p>\n 安装后效果，个人感觉黑色款与深色门协调些，我这深色门装的白色略显眼，所以各位应该根据使用场合购买颜色，尽量让其“隐身”\n</p>\n<img src="/static/script/keditor/attached/image/20150509/20150509215703_52342.jpg" alt="" /><img src="/static/script/keditor/attached/image/20150509/20150509215711_12239.jpg" alt="" /><img src="/static/script/keditor/attached/image/20150509/20150509215720_12331.jpg" alt="" /><br />\n<p>\n 三．手机APP<br />\n1.丁盯智能门磁手机APP目前有Android和iOS客户端，巨硬的1%被抛弃，水果与机器人都用过，界面一模一样，因本屌主机为安卓，所以以安卓机做展示了。<br />\n2.注册，打开APP后为注册界面，需要手机好注册，因为要手机接听门磁报警电话\n</p>\n<p class="MsoNormal">\n <span></span><span></span><span></span> \n</p>\n<p>\n <img src="/static/script/keditor/attached/image/20150509/20150509215826_53170.jpg" width="450" height="800" alt="" /> \n</p>\n<p>\n 我已经添加2个，目测只要任性，应该可以无限量添加小盯，根据提示下一步，下一步，搞定，就是这么简单，所以请放心，智商绝不会着急！  注：丁盯只支持2.4G\n</p>\n<img src="/static/script/keditor/attached/image/20150509/20150509215851_45473.jpg" width="450" height="800" alt="" /><img src="/static/script/keditor/attached/image/20150509/20150509215904_17831.jpg" width="450" height="800" alt="" /> \n<p>\n 注册登入后点击左上角+号进入添加丁盯界面，3.主界面，主界面上直接显示门“开，关”状态，非常直观，家庭WIFI网络预计2-5秒，3G网络看情况，测试最快到过3秒，慢的时候则达到10秒以上，总的来说已经达到一定防盗提醒作用。\n</p>\n<img src="/static/script/keditor/attached/image/20150509/20150509215940_57076.jpg" width="450" height="800" alt="" /> \n<p>\n 4.设备详情，点击主页“设备详情”，可以自定义设备名称。剩余电量，官方说能达到3个月待机，根据小半年使用情况确实相差无几。WIFI网络配置。电话提醒剩余次数及提醒设置，家庭成员授权。\n</p>\n<p class="MsoNormal">\n <span><img src="/static/script/keditor/attached/image/20150509/20150509220003_88728.jpg" width="450" height="800" alt="" /><br />\n</span> \n</p>\n<p class="MsoNormal">\n <span> </span> \n</p>\n<p class="MsoNormal">\n 5.历史记录，点击”历史记录“，里面显示的是开关门时间和开机关机时间，简单说就是纯粹的设备动作记录\n</p>\n<img src="/static/script/keditor/attached/image/20150509/20150509220027_60428.jpg" width="450" height="800" alt="" /><br />\n<p>\n 6.提醒设置，点击主界面下方进入“提醒设置”（或在设备详情内进入），在这里可以设置提醒时间区间，勾选免打扰后在提醒时间段内如机主在120米范围内则不在提醒，测试过不够准确，但在家里肯定就不提醒了，建议勾选，提醒方式有电话提醒，消息推送提醒，不提醒，安卓软件不开基本上消息推送就废了，所以我选择电话提醒，完全脱离APP，电话提醒每月限额30次，接听后为一段路警示录音，所以听一遍体验后建议不要再接听，接到电话后直接挂断，这样30次提醒限额就等于无限次。\n</p>\n<img src="/static/script/keditor/attached/image/20150509/20150509220054_75054.jpg" width="450" height="800" alt="" /><img src="/static/script/keditor/attached/image/20150509/20150509220111_32498.jpg" alt="" /> \n<p>\n <br />\n</p>\n<p>\n <img src="/static/script/keditor/attached/image/20150509/20150509220126_46760.jpg" width="450" height="800" alt="" /> \n</p>\n<p>\n 7.个人中心，点击主页左上角进入“个人中心”，里面显示你注册帐号，设备管理：在这里可以添加丁盯，够任性的话随便添加。授权他人，比如授权给家人，这样家人就可以通过APP知道你有没有回家或者晚上嗨到几点回家，本屌没授权，哈哈。另外一些看图，不在阐述。\n</p>\n<img src="/static/script/keditor/attached/image/20150509/20150509220149_91961.jpg" alt="" /> \n<p>\n <br />\n<br />\n四．使用体会<br />\n1.使用范围较广，门、窗、抽屉、等等都可以使用，但主机需接收WIFI信号，保险箱就免了。<br />\n2.网络，如前面所说，门磁依托与WIFI与服务器交流，所以WIFI失效则挂，个人非常期待加入GSM模块模块，这样就避免了因为停电，小偷关电闸照成无WIFI状态失效的后果。<br />\n3.待机，经过6个月使用，待机无需担心，11月收到货之后76%电量，用完后充电过一次，目前还有47%，所以基本可以让你忘了他的存在，但APP无低电量提醒，多有不便，最终还是需要用户关注。<br />\n4.提醒，两种提醒方式如前面所说，因为本人为安卓机，消息推送提醒经常失效（水果机无需担心），所以我一直使用电话提醒，总体情况能达到辅助防盗作用，也建议大家用手机防盗，能更有效迅速的通知到位。<br />\n5.APP，从目前使用来看，偶有出错，如我早上出门，记录出门时间，关门则没记录，晚上回家则记录回家了，开门记录则没有，所以攻城师们还得努力优化啊。\n</p>\n<p>\n <br />\n</p>', 0, '2015-05-09 14:45:19'),
(26, 18, '', 0, '/uploads/product/1.png,/uploads/product/2.png,/uploads/product/3.png,/uploads/product/4.png,/uploads/product/5.png', 9, '5,4,4,5', '<p>\n <br />\n</p>\n<p>\n       第一次看到丁盯的时候感觉它就是我需要的，因为我有一点强迫症，每次出门都反复确定门有没有锁好，拉几次看看能不能拉开。后来爷爷奶奶过来住了一段时间更是让我觉得这样一个门磁的必要性，因为他们依旧像在老家那样的习惯，出门丢个垃圾或者买个东西很习惯的就出门了，基本上想不起来去关门，甚至有时候出去很久门都是开着的，虽然没有丢过东西但是这样一个情况还是让我有点担心的。所以看到丁盯在点名时间上的众筹就果断的买了两个，一个安装在大门，一个安装在阳台（现在移到卧室门了）。参加丁盯的微信活动又很幸运的中了一个门磁和礼包。\n</p>\n<p>\n       使用了几个月的门磁，感觉给我带来了很大的方便，不用担心门没锁出门了，丁盯会很快的提醒你打开的门没有关闭。或者不在家的时候门被打开第一时间的电话通知。几个月的体验丁盯的服务和门磁的待机给我很大的惊喜。但是对于丁盯我也想提出一点小的建议：\n</p>\n<p>\n 1、门磁定位有时候会提醒某一个人回来和离开，有时候又不提醒，有点糊涂。而且时间也和实际有些出入，甚至半个小时。\n</p>\n<p>\n 2、固定方式采用3M胶固定，对于室内这样的固定方式还是很好的，但是有些场合可能出现阳光长时间照射或者其他环境，就有可能出现胶老化脱落的情况。是不是可以考虑在底座预留两颗螺丝眼，为特殊环境使用提供方便。\n</p>\n<p>\n 3、底座固定有些简单，是否可以考虑图示的那种类似卡扣的底座，在门磁两侧增加固定的支撑，这样可以在某些需要横向使用的场景门磁更加稳定，不用担心脱落。\n</p>\n<p>\n  4、看第一个图，白色的主机显得有些空，是否可以像新春版那样，赠送一些门磁的贴纸，<span >改变一个外观造型，比如卡通动漫的、人物的等等。这样我们就等于给门磁贴了一层保护膜，既保护了门磁不受污染，又让门磁更加好看美观。</span>\n</p>\n<p>\n <br />\n</p>\n<p>\n <br />\n</p>', 0, '2015-05-09 14:38:54'),
(27, 32, '', 0, '', 10, '5,5,5,5', '为了家里的安全，所以自己在网上买了一套安防，怎么说呢好用倒是好用，可是只能本地报警，之后一直就想买款智能的，之前一直在点名时间众筹产品，所以认识了丁盯，心想这不是我，一直想产品吗，心中暗喜，经过一段时间收到了丁盯，包装精美在看产品做工精良，经过简单的设置，用上产品，家里几点有人回家出门，都知道而且非常详细，就产品体验来说，设置简单易上手，功能强大，有新意，以后家里安全就靠他了。', 0, '0000-00-00 00:00:00'),
(28, 34, '', 0, '', 10, '5,4,5,5', '图片回头再补吧，放的特别隐蔽，抽屉的下面最里边，位置和间隙好容易调整好，拍照太困难了。有个蓝色的灯，不能放抽屉里面，以防被看到。偶尔不报，已经发群里面，也没有啥答复，说是路由器或者网络问题。大部分还是有报警的。已经厅满意，总比啥都没有强多了。我私人物品都在这个抽屉里面，防止被别人看到。降低成本，大力推广是关键。总之是我非常喜欢的产品之一。加油吧！', 0, '0000-00-00 00:00:00'),
(29, 33, '', 0, '/uploads/product/QQ图片20150509234802.png', 9, '5,4,4,5', '不错嘛', 0, '2015-05-29 14:56:53'),
(30, 19, '', 0, '/uploads/product/IMG_20150425_171438_副本.jpg,/uploads/product/IMG_20150425_165649_副本.jpg,/uploads/product/IMAG1407_副本.jpg,/uploads/product/IMG_20150425_165606_副本.jpg', 10, '5,5,4,5', '<p class="p" >\n １、外观漂亮，放门框窗框上不碍眼。<br />\n２、反应灵敏，安装时注意余量的话，可以保证门窗之类的一打开就被感应到，间隔二厘米以内都会被感应到。<br />\n３、记录详细，精确到秒的记录。<br />\n４、电话通知给力，哪怕迅速开合也会有通知。<br />\n５、做工十分好，找不到毛刺。\n</p>\n <p class="p" >\n ６、电量耐用一家五口使用２、３个月不成问题。\n</p>\n<p class="MsoNormal">\n ７、APP界面简洁明快，设置简单友好，很容易上手。\n</p>', 0, '2015-05-10 16:12:37'),
(31, 35, '', 0, '/uploads/product/35.jpg,/uploads/product/111.jpg', 9, '5,4,5,4', '<p>丁盯的包装及外形的设计还是很棒的，做到了注重每一个细节，给人的感觉是不管是哪个部分都是经过设计大师的精心打造的。按键做到了最简，使得整个面板觉得简洁。进行实际的APP操作也很容易，只要跟着提示做就行了，不必因为要用而学习更多的东西。可以适用到更广阔的人群。对于家居安全，丁盯智能门磁是一款不错的选择。特别是电话提醒这项服务，可以让我们随时掌控门的开关动作。丁盯是我们最忠诚的家居卫士。 望完善: 1、要把完美进行到底，将主机背面打磨，即使看不到的地方一样的用心。这样显示出来追求完美的最高境界。</p>', 0, '0000-00-00 00:00:00'),
(32, 38, '', 0, '/uploads/product/qr.png,/uploads/product/qr1.png', 9, '4,5,4,4', '<p>                   牛逼 <img src="http://yundinghometest.dding.net/static/script/keditor/plugins/emoticons/images/13.gif" border="0" alt=""/>  <img src="/static/script/keditor/attached/image/20150530/20150530171552_37165.png" alt=""/>                    </p>', 0, '0000-00-00 00:00:00');

-- --------------------------------------------------------

--
-- 表的结构 `questions`
--

CREATE TABLE IF NOT EXISTS `questions` (
`id` int(11) NOT NULL,
  `type` int(11) DEFAULT NULL,
  `question` varchar(255) DEFAULT NULL,
  `answer` text
) ENGINE=InnoDB  DEFAULT CHARSET=utf8 AUTO_INCREMENT=14 ;

--
-- 转存表中的数据 `questions`
--

INSERT INTO `questions` (`id`, `type`, `question`, `answer`) VALUES
(3, 0, 'Q：丁盯智能APP支持哪些手机操作系统？', '<p>A：丁盯智能APP支持Android和iOS手机系统，暂不支持Windows Phone。使用过程中，iOS系统必须开启gps，以获取手机与设备的相对地理位置，用于远程报警；Android系统手机可自动通过Wi-Fi连接情况判断地理位置，可以不开启gps。</p>'),
(4, 0, 'Q：门磁怎样充电？充电一次能用多久？', '<p>A：使用USB充电线，可用手机充电器或者电脑USB口充电。您可以在APP里随时查看门磁电量状态；快没电时门磁指示灯显示黄灯，充电时闪烁绿灯，绿灯长亮即充满。每次充满只需要2-3小时，充电一次能用至少3个月（按每天开关门10次计算）。</p>'),
(5, 0, 'Q：为何网络配置不上？', '<p>A：有以下几种可能性：您没有长按设备上的按钮至蓝灯闪烁; 设备距离路由器比较远，wifi信号比较弱；您的路由包含5G与2.4G频段，两个频段的网络名相同，而丁盯门磁只支持2.4G的频段，需要从5G切换到2.4G；当地ISP限制上网终端数量或者已经绑定上网终端，具体详见ISP合同。解决方法：尝试重启路由器；尝试先使用其它手机配置下，再在原先的手机上正常使用；如果家庭中使用的路由器是智能路由，需要在对应路由APP中设置允许丁盯链接网络。</p>'),
(6, 0, 'Q：支持2.4G和5G的双频段路由如何配置？', '<p>A：因丁盯智能门磁目前只支持2.4G的频段，如果您家使用了支持双频的路由，您需要确认您的手机使用的是2.4G频段和路由连接，再进行配置。确保手机使用2.4G的方法为：使用电脑进入您家的路由配置页面（具体方法请百度路由器配置），为2.4G和5G配置使用不同的SSID，比如（xxxx-2.4和xxxx-5），之后用手机连接xxxx-2.4这个名字的路由进行。</p><p><br/></p>'),
(7, 0, 'Q：为何门窗开了收不到电话报警？', '<p>A：有以下几种可能性：您没有设置电话提醒；不在您设置的保护时间段内；您设置了“白天本地免打扰”；400提醒号码被您的某些手机软件拦截了，需要解除拦截；同时建议您将丁盯报警号码“4006414123”命名为“丁盯客服”，以免漏接电话。</p>'),
(8, 0, 'Q：为何门窗开了收不到手机通知？', '<p>A：有以下几种可能性：您没有设置通知提醒；不在您设置的保护时间段内；您设置了“白天本地免打扰”；丁盯应用在后台被清除（见于某些品牌的安卓手机）或被某些安全软件拦截停止；重新启动丁盯并重新配置，或重新登录丁盯账号；丁盯发送通知权限在第一次安装时被禁止，可以在手机设置里查看有没有打开权限， 或者卸载软件重新安装，重新安装时注意手机提示，选择允许。</p>'),
(9, 0, 'Q：为何接收到的报警电话和报警通知延迟比较大？', '<p>A：主要原因是丁盯门磁所处位置网络信号强度较弱，导致门磁联网缓慢，甚至连接不上网络。</p>'),
(10, 0, 'Q：开着GPS会不会很耗电？', '<p>A：与导航软件不同，丁盯使用的并非实时性gps信息，不会长时间默默在后台获取您的地理位置，使用的电池用量非常少。</p>'),
(11, 0, 'Q：30次电话提醒用完了怎么办？', '<p>A：当月的30次电话提醒用完后，设备会自动将“电话提醒“转为”通知提醒“；下月您将重新获得30次免费电话提醒；并且只要不接听电话，不会消耗提醒次数。</p>'),
(12, 0, 'Q： 如何授权他人？', '<p>A：在手机APP主界面下方的“设备详情“或界面左上角的”个人中心“里都可以授权他人，被授权成员需要下载丁盯智能APP，便可使用丁盯智能相关功能，包括电话提醒服务等。“白天在家免打扰”同样适用于被授权人，开启此功能后，白天您的被授权人在家时开门不会引发警报。</p>'),
(13, 0, 'Q：问题仍未解决怎么办？', '<p>A：如果问题仍未解决，您可通过以下方式联系我们（QQ群：57405660 、官方微信公众号：丁盯智能、客服电话：4006414123）。</p>');

-- --------------------------------------------------------

--
-- 表的结构 `user`
--

CREATE TABLE IF NOT EXISTS `user` (
`id` int(11) unsigned NOT NULL,
  `user_name` varchar(64) DEFAULT '',
  `mobile` varchar(11) DEFAULT '',
  `photo` varchar(255) DEFAULT '',
  `avatar_small` varchar(255) NOT NULL DEFAULT '',
  `brief` varchar(255) DEFAULT '',
  `integral` int(11) unsigned DEFAULT '0',
  `is_leader` tinyint(3) unsigned DEFAULT '0'
) ENGINE=InnoDB  DEFAULT CHARSET=utf8 AUTO_INCREMENT=48 ;

--
-- 转存表中的数据 `user`
--

INSERT INTO `user` (`id`, `user_name`, `mobile`, `photo`, `avatar_small`, `brief`, `integral`, `is_leader`) VALUES
(3, '牛', '17600878830', '/uploads/17600878830_photo.jpg', '', '开发者', 0, 0),
(4, '尹', '15124553849', '/uploads/000/00/00/04_avatar_middle.jpg', '', '我是测试', 0, 0),
(5, 'du1', '13070168291', '/uploads/000/00/00/05_avatar_middle.jpg', '', '丁盯智能家居花费了不少心血', 0, 0),
(6, 'du', '18600255235', '/uploads/000/00/00/06_avatar_middle.jpg', '', '睡不醒的人永远不能化眼妆', 0, 0),
(7, '青岛大柒', '15621103777', '/uploads/000/00/00/07_avatar_middle.jpg', '', '暂无', 0, 0),
(8, 'leon', '13524987721', '/uploads/000/00/00/08_avatar_middle.jpg', '', 'k专家', 0, 0),
(9, '寂寞小猫仔', '13411416494', '/uploads/000/00/00/09_avatar_middle.jpg', '', '都说女人爱好是化妆品，男人的爱好都是数码产品！\n 我是一个狂热智能硬件爱好者，身处数码通讯数码行业，也享受这种行业气氛！ \n希望通过我的每一篇文章都能给产品团队，还有小伙伴更多的帮助！', 0, 0),
(10, 'Blue', '18843122252', '/uploads/000/00/00/10_avatar_middle.jpg', '', '一只鹦鹉', 0, 0),
(11, '过客', '15205786608', '/uploads/avatar.png', '', '暂无', 0, 0),
(12, 'WiiLiaus林', '18616020430', '/uploads/000/00/00/12_avatar_middle.jpg', '', 'IT达人，智能家居爱好者！', 0, 0),
(13, '毒药', '13600096009', '/uploads/000/00/00/13_avatar_middle.jpg', '', '暂无', 0, 0),
(17, '游客', '', '/uploads/avatar.png', '', '', 0, 0),
(18, '小蚂蚁', '18900504437', '/uploads/000/00/00/18_avatar_middle.jpg', '', '小蚂蚁绊大象，大象粉碎性骨折！', 0, 0),
(19, '孤独的追逐', '15860660086', '/uploads/avatar.png', '', '暂无', 0, 0),
(20, '果宝', '13858000263', '/uploads/000/00/00/20_avatar_middle.jpg', '', '智能数码产品爱好者', 0, 0),
(21, '', '13148408280', '/uploads/avatar.png', '', '', 0, 0),
(22, '', '18515669249', '/uploads/avatar.png', '', '', 0, 0),
(23, '索洛曼国王', '13511671876', '/uploads/000/00/00/23_avatar_middle.jpg', '', '焦糖布丁们必将一统全宇宙，哇咔咔咔！！！', 0, 0),
(24, '汪星人', '15652751482', '/uploads/000/00/00/24_avatar_middle.jpg', '', '工作犬\n单身狗\n田园犬', 0, 0),
(25, '柔和七星', '13601222683', '/uploads/000/00/00/25_avatar_middle.jpg', '', '暂无', 0, 0),
(26, 'Dailin', '18017313885', '/uploads/000/00/00/26_avatar_middle.jpg', '', '这家伙很懒，跟树懒一样，就留下100块钱。', 0, 0),
(27, 'David.Y', '18501036100', '/uploads/000/00/00/27_avatar_middle.jpg', '', '暂无', 0, 0),
(28, 'NIC', '15008428654', '/uploads/000/00/00/28_avatar_middle.jpg', '', '暂无', 0, 0),
(29, '', '13093031967', '/uploads/avatar.png', '', '', 0, 0),
(30, '', '13911665414', '/uploads/avatar.png', '', '', 0, 0),
(31, '', '13664130116', '/uploads/avatar.png', '', '', 0, 0),
(32, '', '15123895050', '/uploads/avatar.png', '', '', 0, 0),
(33, '大布丁', '18772202179', '/uploads/avatar.png', '', '暂无', 0, 0),
(34, '', '13801069874', '/uploads/avatar.png', '', '', 0, 0),
(35, '生根的乡愁', '13931559829', '/uploads/avatar.png', '', '暂无', 0, 0),
(36, '', '18515203901', '/uploads/000/00/00/36_avatar_middle.jpg', '', '', 0, 0),
(37, '', '18682150893', '/uploads/avatar.png', '', '', 0, 0),
(38, '18210047323', '18210047323', '/uploads/000/00/00/38_avatar_middle.jpg', '', '暂无', 0, 1),
(39, '', '18515222534', '/uploads/avatar.png', '', '', 0, 0),
(40, '', '13208037994', '/uploads/avatar.png', '', '', 0, 0),
(41, 'test', '18600258959', '/uploads/000/00/00/41_avatar_middle.jpg', '', '暂无', 0, 0),
(42, '', '13718673109', '/uploads/avatar.png', '', '', 0, 0),
(43, '', '18701436700', '/uploads/avatar.png', '', '', 0, 0),
(44, '', '13852061923', '/uploads/avatar.png', '', '', 0, 0),
(45, '', '13929578884', '/uploads/000/00/00/45_avatar_middle.jpg', '', '', 0, 0),
(46, 'Sally', '13661796446', '', '', '暂无', 0, 0),
(47, '', '18622888038', '', '', '', 0, 0);

-- --------------------------------------------------------

--
-- 表的结构 `useradmin`
--

CREATE TABLE IF NOT EXISTS `useradmin` (
  `id` int(11) NOT NULL,
  `username` varchar(255) DEFAULT NULL,
  `password` varchar(255) DEFAULT NULL,
  `email` varchar(255) DEFAULT NULL,
  `mobile` varchar(255) DEFAULT NULL,
  `status` int(11) DEFAULT NULL,
  `type` int(11) DEFAULT NULL
) ENGINE=InnoDB DEFAULT CHARSET=utf8;

--
-- 转存表中的数据 `useradmin`
--

INSERT INTO `useradmin` (`id`, `username`, `password`, `email`, `mobile`, `status`, `type`) VALUES
(1, 'admin', '21232f297a57a5a743894a0e4a801fc3', NULL, NULL, NULL, NULL);

--
-- Indexes for dumped tables
--

--
-- Indexes for table `comment`
--
ALTER TABLE `comment`
 ADD PRIMARY KEY (`id`), ADD KEY `opinion_id` (`opinion_id`);

--
-- Indexes for table `jobs`
--
ALTER TABLE `jobs`
 ADD PRIMARY KEY (`id`);

--
-- Indexes for table `news`
--
ALTER TABLE `news`
 ADD PRIMARY KEY (`id`);

--
-- Indexes for table `opinion`
--
ALTER TABLE `opinion`
 ADD PRIMARY KEY (`id`), ADD KEY `user_id` (`user_id`);

--
-- Indexes for table `questions`
--
ALTER TABLE `questions`
 ADD PRIMARY KEY (`id`);

--
-- Indexes for table `user`
--
ALTER TABLE `user`
 ADD PRIMARY KEY (`id`);

--
-- AUTO_INCREMENT for dumped tables
--

--
-- AUTO_INCREMENT for table `comment`
--
ALTER TABLE `comment`
MODIFY `id` int(11) unsigned NOT NULL AUTO_INCREMENT,AUTO_INCREMENT=116;
--
-- AUTO_INCREMENT for table `jobs`
--
ALTER TABLE `jobs`
MODIFY `id` int(11) NOT NULL AUTO_INCREMENT,AUTO_INCREMENT=12;
--
-- AUTO_INCREMENT for table `news`
--
ALTER TABLE `news`
MODIFY `id` int(11) NOT NULL AUTO_INCREMENT;
--
-- AUTO_INCREMENT for table `opinion`
--
ALTER TABLE `opinion`
MODIFY `id` int(11) unsigned NOT NULL AUTO_INCREMENT,AUTO_INCREMENT=34;
--
-- AUTO_INCREMENT for table `questions`
--
ALTER TABLE `questions`
MODIFY `id` int(11) NOT NULL AUTO_INCREMENT,AUTO_INCREMENT=14;
--
-- AUTO_INCREMENT for table `user`
--
ALTER TABLE `user`
MODIFY `id` int(11) unsigned NOT NULL AUTO_INCREMENT,AUTO_INCREMENT=48;
/*!40101 SET CHARACTER_SET_CLIENT=@OLD_CHARACTER_SET_CLIENT */;
/*!40101 SET CHARACTER_SET_RESULTS=@OLD_CHARACTER_SET_RESULTS */;
/*!40101 SET COLLATION_CONNECTION=@OLD_COLLATION_CONNECTION */;
